﻿<?xml version="1.0" encoding="utf-8"?>
<ParamSetupScreen>
  <Tabs>
    <Tab>
      <TabLabel>psDaysToKeep</TabLabel>
      <TabTag>DaysToKeep</TabTag>
      <UseZone>True</UseZone>
      <UseController>False</UseController>
      <UseArm>False</UseArm>
      <UseColor>False</UseColor>
      <UseValve>False</UseValve>
      <UseCustomParm>False</UseCustomParm>
      <CustomParm></CustomParm>
      <HelpFile>[2.0]ConfigurationMenu\PWIIISetup.htm</HelpFile>
    </Tab>
  </Tabs>
  <Items>
    <Item>
      <Label>psAlarmLogDTK</Label>
      <Tab>DaysToKeep</Tab>
      <DataSource>XML</DataSource>
      <Datatype>Int</Datatype>
      <PLCTag></PLCTag>
      <ProgName1></ProgName1>
      <VarName1></VarName1>
      <ProgName2></ProgName2>
      <VarName2></VarName2>
      <DBName>DaysToKeep</DBName>
      <DBTableName>DaysToKeep</DBTableName>
      <DBRowName></DBRowName>
      <DBColumnName>Alarm</DBColumnName>
      <RegPath></RegPath>
      <RegKey></RegKey>
      <Edit>True</Edit>
      <Min>1</Min>
      <Max>365</Max>
      <Scale>1</Scale>
      <Precision>0</Precision>
      <UseCbo>False</UseCbo>
      <CustomCBO></CustomCBO>
      <Formula>0</Formula>
      <Display></Display>
      <PainterOnly></PainterOnly>
    </Item>
    <Item>
      <Label>psProdLogDTK</Label>
      <Tab>DaysToKeep</Tab>
      <DataSource>XML</DataSource>
      <Datatype>Int</Datatype>
      <PLCTag></PLCTag>
      <ProgName1></ProgName1>
      <VarName1></VarName1>
      <ProgName2></ProgName2>
      <VarName2></VarName2>
      <DBName>DaysToKeep</DBName>
      <DBTableName>DaysToKeep</DBTableName>
      <DBRowName></DBRowName>
      <DBColumnName>Production</DBColumnName>
      <RegPath></RegPath>
      <RegKey></RegKey>
      <Edit>True</Edit>
      <Min>1</Min>
      <Max>365</Max>
      <Scale>1</Scale>
      <Precision>0</Precision>
      <UseCbo>False</UseCbo>
      <CustomCBO></CustomCBO>
      <Formula>0</Formula>
      <Display></Display>
      <PainterOnly></PainterOnly>
    </Item>
    <Item>
      <Label>psChangeLogDTK</Label>
      <Tab>DaysToKeep</Tab>
      <DataSource>XML</DataSource>
      <Datatype>Int</Datatype>
      <PLCTag></PLCTag>
      <ProgName1></ProgName1>
      <VarName1></VarName1>
      <ProgName2></ProgName2>
      <VarName2></VarName2>
      <DBName>DaysToKeep</DBName>
      <DBTableName>DaysToKeep</DBTableName>
      <DBRowName></DBRowName>
      <DBColumnName>Change</DBColumnName>
      <RegPath></RegPath>
      <RegKey></RegKey>
      <Edit>True</Edit>
      <Min>1</Min>
      <Max>365</Max>
      <Scale>1</Scale>
      <Precision>0</Precision>
      <UseCbo>False</UseCbo>
      <CustomCBO></CustomCBO>
      <Formula>0</Formula>
      <Display></Display>
      <PainterOnly></PainterOnly>
    </Item>
    <Item>
      <Label>psVisionLogDTK</Label>
      <Tab>DaysToKeep</Tab>
      <DataSource>XML</DataSource>
      <Datatype>Int</Datatype>
      <PLCTag></PLCTag>
      <ProgName1></ProgName1>
      <VarName1></VarName1>
      <ProgName2></ProgName2>
      <VarName2></VarName2>
      <DBName>DaysToKeep</DBName>
      <DBTableName>DaysToKeep</DBTableName>
      <DBRowName></DBRowName>
      <DBColumnName>Vision</DBColumnName>
      <RegPath></RegPath>
      <RegKey></RegKey>
      <Edit>True</Edit>
      <Min>1</Min>
      <Max>365</Max>
      <Scale>1</Scale>
      <Precision>0</Precision>
      <UseCbo>False</UseCbo>
      <CustomCBO></CustomCBO>
      <Formula>0</Formula>
      <Display>false</Display>
      <PainterOnly></PainterOnly>
    </Item>
    <Item>
      <Label>psDiagnosticLogDTK</Label>
      <Tab>DaysToKeep</Tab>
      <DataSource>XML</DataSource>
      <Datatype>Int</Datatype>
      <PLCTag></PLCTag>
      <ProgName1></ProgName1>
      <VarName1></VarName1>
      <ProgName2></ProgName2>
      <VarName2></VarName2>
      <DBName>DaysToKeep</DBName>
      <DBTableName>DaysToKeep</DBTableName>
      <DBRowName></DBRowName>
      <DBColumnName>Diagnostic</DBColumnName>
      <RegPath></RegPath>
      <RegKey></RegKey>
      <Edit>True</Edit>
      <Min>1</Min>
      <Max>365</Max>
      <Scale>1</Scale>
      <Precision>0</Precision>
      <UseCbo>False</UseCbo>
      <CustomCBO></CustomCBO>
      <Formula>0</Formula>
      <Display></Display>
      <PainterOnly></PainterOnly>
    </Item>
    <Item>
      <Label>psDiagnosticArchiveDTK</Label>
      <Tab>DaysToKeep</Tab>
      <DataSource>XML</DataSource>
      <Datatype>Int</Datatype>
      <PLCTag></PLCTag>
      <ProgName1></ProgName1>
      <VarName1></VarName1>
      <ProgName2></ProgName2>
      <VarName2></VarName2>
      <DBName>DaysToKeep</DBName>
      <DBTableName>DaysToKeep</DBTableName>
      <DBRowName></DBRowName>
      <DBColumnName>DiagnosticArchive</DBColumnName>
      <RegPath></RegPath>
      <RegKey></RegKey>
      <Edit>True</Edit>
      <Min>1</Min>
      <Max>365</Max>
      <Scale>1</Scale>
      <Precision>0</Precision>
      <UseCbo>False</UseCbo>
      <CustomCBO></CustomCBO>
      <Formula>0</Formula>
      <Display></Display>
      <PainterOnly></PainterOnly>
    </Item>
    <Item>
      <Label>psRobotBackupsDTK</Label>
      <Tab>DaysToKeep</Tab>
      <DataSource>XML</DataSource>
      <Datatype>Int</Datatype>
      <PLCTag></PLCTag>
      <ProgName1></ProgName1>
      <VarName1></VarName1>
      <ProgName2></ProgName2>
      <VarName2></VarName2>
      <DBName>DaysToKeep</DBName>
      <DBTableName>DaysToKeep</DBTableName>
      <DBRowName></DBRowName>
      <DBColumnName>RobotBackups</DBColumnName>
      <RegPath></RegPath>
      <RegKey></RegKey>
      <Edit>True</Edit>
      <Min>1</Min>
      <Max>365</Max>
      <Scale>1</Scale>
      <Precision>0</Precision>
      <UseCbo>False</UseCbo>
      <CustomCBO></CustomCBO>
      <Formula>0</Formula>
      <Display></Display>
      <PainterOnly></PainterOnly>
    </Item>
    <Item>
      <Label>psPaintWorksBackupsDTK</Label>
      <Tab>DaysToKeep</Tab>
      <DataSource>XML</DataSource>
      <Datatype>Int</Datatype>
      <PLCTag></PLCTag>
      <ProgName1></ProgName1>
      <VarName1></VarName1>
      <ProgName2></ProgName2>
      <VarName2></VarName2>
      <DBName>DaysToKeep</DBName>
      <DBTableName>DaysToKeep</DBTableName>
      <DBRowName></DBRowName>
      <DBColumnName>PaintWorksBackups</DBColumnName>
      <RegPath></RegPath>
      <RegKey></RegKey>
      <Edit>True</Edit>
      <Min>1</Min>
      <Max>365</Max>
      <Scale>1</Scale>
      <Precision>0</Precision>
      <UseCbo>False</UseCbo>
      <CustomCBO></CustomCBO>
      <Formula>0</Formula>
      <Display></Display>
      <PainterOnly></PainterOnly>
    </Item>
    <Item>
      <Label>psDriveFullThreshhold</Label>
      <Tab>DaysToKeep</Tab>
      <DataSource>XML</DataSource>
      <Datatype>Int</Datatype>
      <PLCTag></PLCTag>
      <ProgName1></ProgName1>
      <VarName1></VarName1>
      <ProgName2></ProgName2>
      <VarName2></VarName2>
      <DBName>DaysToKeep</DBName>
      <DBTableName>DaysToKeep</DBTableName>
      <DBRowName></DBRowName>
      <DBColumnName>DriveFullThreshold</DBColumnName>
      <RegPath></RegPath>
      <RegKey></RegKey>
      <Edit>True</Edit>
      <Min>1</Min>
      <Max>365</Max>
      <Scale>1</Scale>
      <Precision>0</Precision>
      <UseCbo>False</UseCbo>
      <CustomCBO></CustomCBO>
      <Formula>0</Formula>
      <Display></Display>
      <PainterOnly></PainterOnly>
    </Item>
    <Item>
      <Label>psPredetectSWDelay</Label>
      <Tab>DaysToKeep</Tab>
      <DataSource>PLC</DataSource>
      <Datatype>Int</Datatype>
      <PLCTag>Z#Zone#PredetectSWCounter</PLCTag>
      <ProgName1></ProgName1>
      <VarName1></VarName1>
      <ProgName2></ProgName2>
      <VarName2></VarName2>
      <DBName></DBName>
      <DBTableName></DBTableName>
      <DBRowName></DBRowName>
      <DBColumnName></DBColumnName>
      <RegPath></RegPath>
      <RegKey></RegKey>
      <Edit>True</Edit>
      <Min>0</Min>
      <Max>30</Max>
      <Scale>1</Scale>
      <Precision>0</Precision>
      <UseCbo>False</UseCbo>
      <CustomCBO></CustomCBO>
      <Formula>0</Formula>
      <Display></Display>
      <PainterOnly></PainterOnly>
    </Item>
    <Item>
      <Label>psStaggeredFillMax</Label>
      <Tab>DaysToKeep</Tab>
      <DataSource>PLC</DataSource>
      <Datatype>Int</Datatype>
      <PLCTag>Z#Zone#StaggeredFillMax</PLCTag>
      <ProgName1></ProgName1>
      <VarName1></VarName1>
      <ProgName2></ProgName2>
      <VarName2></VarName2>
      <DBName></DBName>
      <DBTableName></DBTableName>
      <DBRowName></DBRowName>
      <DBColumnName></DBColumnName>
      <RegPath></RegPath>
      <RegKey></RegKey>
      <Edit>True</Edit>
      <Min>1</Min>
      <Max>12</Max>
      <Scale>1</Scale>
      <Precision>0</Precision>
      <UseCbo>False</UseCbo>
      <CustomCBO></CustomCBO>
      <Formula>0</Formula>
      <Display></Display>
      <PainterOnly></PainterOnly>
    </Item>
    <Item>
      <Label>psLEFT_AIR_FAULT</Label>
      <Tab>DaysToKeep</Tab>
      <DataSource>PLC</DataSource>
      <Datatype>Int</Datatype>
      <PLCTag>Z#Zone#LeftAirFault</PLCTag>
      <ProgName1></ProgName1>
      <VarName1></VarName1>
      <ProgName2></ProgName2>
      <VarName2></VarName2>
      <DBName></DBName>
      <DBTableName></DBTableName>
      <DBRowName></DBRowName>
      <DBColumnName></DBColumnName>
      <RegPath></RegPath>
      <RegKey></RegKey>
      <Edit>True</Edit>
      <Min>0</Min>
      <Max>100</Max>
      <Scale>1</Scale>
      <Precision>0</Precision>
      <UseCbo>False</UseCbo>
      <CustomCBO></CustomCBO>
      <Formula>0</Formula>
      <Display>False</Display>
      <PainterOnly></PainterOnly>
    </Item>
    <Item>
      <Label>psRIGHT_AIR_FAULT</Label>
      <Tab>DaysToKeep</Tab>
      <DataSource>PLC</DataSource>
      <Datatype>Int</Datatype>
      <PLCTag>Z#Zone#RightAirFault</PLCTag>
      <ProgName1></ProgName1>
      <VarName1></VarName1>
      <ProgName2></ProgName2>
      <VarName2></VarName2>
      <DBName></DBName>
      <DBTableName></DBTableName>
      <DBRowName></DBRowName>
      <DBColumnName></DBColumnName>
      <RegPath></RegPath>
      <RegKey></RegKey>
      <Edit>True</Edit>
      <Min>0</Min>
      <Max>100</Max>
      <Scale>1</Scale>
      <Precision>0</Precision>
      <UseCbo>False</UseCbo>
      <CustomCBO></CustomCBO>
      <Formula>0</Formula>
      <Display>False</Display>
      <PainterOnly></PainterOnly>
    </Item>
    <Item>
      <Label>psPFEAlarmNum0</Label>
      <Tab>PFEAlarms</Tab>
      <DataSource>PLC</DataSource>
      <Datatype>Int</Datatype>
      <PLCTag>Z1PFEAlarmNum0</PLCTag>
      <ProgName1></ProgName1>
      <VarName1></VarName1>
      <ProgName2></ProgName2>
      <VarName2></VarName2>
      <DBName></DBName>
      <DBTableName></DBTableName>
      <DBRowName></DBRowName>
      <DBColumnName></DBColumnName>
      <RegPath></RegPath>
      <RegKey></RegKey>
      <Edit>True</Edit>
      <Min>0</Min>
      <Max>100000</Max>
      <Scale>1</Scale>
      <Precision></Precision>
      <UseCbo>False</UseCbo>
      <CustomCBO></CustomCBO>
      <Formula>0</Formula>
      <Display>False</Display>
      <PainterOnly></PainterOnly>
    </Item>
    <Item>
      <Label>psPFEAlarmText0</Label>
      <Tab>PFEAlarms</Tab>
      <DataSource>PLC</DataSource>
      <Datatype>string</Datatype>
      <PLCTag>Z1PFEAlarmText0</PLCTag>
      <ProgName1></ProgName1>
      <VarName1></VarName1>
      <ProgName2></ProgName2>
      <VarName2></VarName2>
      <DBName></DBName>
      <DBTableName></DBTableName>
      <DBRowName></DBRowName>
      <DBColumnName></DBColumnName>
      <RegPath></RegPath>
      <RegKey></RegKey>
      <Edit>True</Edit>
      <Min>0</Min>
      <Max>0</Max>
      <Scale>1</Scale>
      <Precision></Precision>
      <UseCbo>False</UseCbo>
      <CustomCBO></CustomCBO>
      <Formula>0</Formula>
      <Display>False</Display>
      <PainterOnly></PainterOnly>
    </Item>
    <Item>
      <Label>psPFEAlarmNum1</Label>
      <Tab>PFEAlarms</Tab>
      <DataSource>PLC</DataSource>
      <Datatype>Int</Datatype>
      <PLCTag>Z1PFEAlarmNum1</PLCTag>
      <ProgName1></ProgName1>
      <VarName1></VarName1>
      <ProgName2></ProgName2>
      <VarName2></VarName2>
      <DBName></DBName>
      <DBTableName></DBTableName>
      <DBRowName></DBRowName>
      <DBColumnName></DBColumnName>
      <RegPath></RegPath>
      <RegKey></RegKey>
      <Edit>True</Edit>
      <Min>0</Min>
      <Max>100000</Max>
      <Scale>1</Scale>
      <Precision></Precision>
      <UseCbo>False</UseCbo>
      <CustomCBO></CustomCBO>
      <Formula>0</Formula>
      <Display>False</Display>
      <PainterOnly></PainterOnly>
    </Item>
    <Item>
      <Label>psPFEAlarmText1</Label>
      <Tab>PFEAlarms</Tab>
      <DataSource>PLC</DataSource>
      <Datatype>string</Datatype>
      <PLCTag>Z1PFEAlarmText1</PLCTag>
      <ProgName1></ProgName1>
      <VarName1></VarName1>
      <ProgName2></ProgName2>
      <VarName2></VarName2>
      <DBName></DBName>
      <DBTableName></DBTableName>
      <DBRowName></DBRowName>
      <DBColumnName></DBColumnName>
      <RegPath></RegPath>
      <RegKey></RegKey>
      <Edit>True</Edit>
      <Min>0</Min>
      <Max>0</Max>
      <Scale>1</Scale>
      <Precision></Precision>
      <UseCbo>False</UseCbo>
      <CustomCBO></CustomCBO>
      <Formula>0</Formula>
      <Display>False</Display>
      <PainterOnly></PainterOnly>
    </Item>
    <Item>
      <Label>psPFEAlarmNum2</Label>
      <Tab>PFEAlarms</Tab>
      <DataSource>PLC</DataSource>
      <Datatype>Int</Datatype>
      <PLCTag>Z1PFEAlarmNum2</PLCTag>
      <ProgName1></ProgName1>
      <VarName1></VarName1>
      <ProgName2></ProgName2>
      <VarName2></VarName2>
      <DBName></DBName>
      <DBTableName></DBTableName>
      <DBRowName></DBRowName>
      <DBColumnName></DBColumnName>
      <RegPath></RegPath>
      <RegKey></RegKey>
      <Edit>True</Edit>
      <Min>0</Min>
      <Max>100000</Max>
      <Scale>1</Scale>
      <Precision></Precision>
      <UseCbo>False</UseCbo>
      <CustomCBO></CustomCBO>
      <Formula>0</Formula>
      <Display>False</Display>
      <PainterOnly></PainterOnly>
    </Item>
    <Item>
      <Label>psPFEAlarmText2</Label>
      <Tab>PFEAlarms</Tab>
      <DataSource>PLC</DataSource>
      <Datatype>string</Datatype>
      <PLCTag>Z1PFEAlarmText2</PLCTag>
      <ProgName1></ProgName1>
      <VarName1></VarName1>
      <ProgName2></ProgName2>
      <VarName2></VarName2>
      <DBName></DBName>
      <DBTableName></DBTableName>
      <DBRowName></DBRowName>
      <DBColumnName></DBColumnName>
      <RegPath></RegPath>
      <RegKey></RegKey>
      <Edit>True</Edit>
      <Min>0</Min>
      <Max>0</Max>
      <Scale>1</Scale>
      <Precision></Precision>
      <UseCbo>False</UseCbo>
      <CustomCBO></CustomCBO>
      <Formula>0</Formula>
      <Display>False</Display>
      <PainterOnly></PainterOnly>
    </Item>
    <Item>
      <Label>psPFEAlarmNum3</Label>
      <Tab>PFEAlarms</Tab>
      <DataSource>PLC</DataSource>
      <Datatype>Int</Datatype>
      <PLCTag>Z1PFEAlarmNum3</PLCTag>
      <ProgName1></ProgName1>
      <VarName1></VarName1>
      <ProgName2></ProgName2>
      <VarName2></VarName2>
      <DBName></DBName>
      <DBTableName></DBTableName>
      <DBRowName></DBRowName>
      <DBColumnName></DBColumnName>
      <RegPath></RegPath>
      <RegKey></RegKey>
      <Edit>True</Edit>
      <Min>0</Min>
      <Max>100000</Max>
      <Scale>1</Scale>
      <Precision></Precision>
      <UseCbo>False</UseCbo>
      <CustomCBO></CustomCBO>
      <Formula>0</Formula>
      <Display>False</Display>
      <PainterOnly></PainterOnly>
    </Item>
    <Item>
      <Label>psPFEAlarmText3</Label>
      <Tab>PFEAlarms</Tab>
      <DataSource>PLC</DataSource>
      <Datatype>string</Datatype>
      <PLCTag>Z1PFEAlarmText3</PLCTag>
      <ProgName1></ProgName1>
      <VarName1></VarName1>
      <ProgName2></ProgName2>
      <VarName2></VarName2>
      <DBName></DBName>
      <DBTableName></DBTableName>
      <DBRowName></DBRowName>
      <DBColumnName></DBColumnName>
      <RegPath></RegPath>
      <RegKey></RegKey>
      <Edit>True</Edit>
      <Min>0</Min>
      <Max>0</Max>
      <Scale>1</Scale>
      <Precision></Precision>
      <UseCbo>False</UseCbo>
      <CustomCBO></CustomCBO>
      <Formula>0</Formula>
      <Display>False</Display>
      <PainterOnly></PainterOnly>
    </Item>
    <Item>
      <Label>psPFEAlarmNum4</Label>
      <Tab>PFEAlarms</Tab>
      <DataSource>PLC</DataSource>
      <Datatype>Int</Datatype>
      <PLCTag>Z1PFEAlarmNum4</PLCTag>
      <ProgName1></ProgName1>
      <VarName1></VarName1>
      <ProgName2></ProgName2>
      <VarName2></VarName2>
      <DBName></DBName>
      <DBTableName></DBTableName>
      <DBRowName></DBRowName>
      <DBColumnName></DBColumnName>
      <RegPath></RegPath>
      <RegKey></RegKey>
      <Edit>True</Edit>
      <Min>0</Min>
      <Max>100000</Max>
      <Scale>1</Scale>
      <Precision></Precision>
      <UseCbo>False</UseCbo>
      <CustomCBO></CustomCBO>
      <Formula>0</Formula>
      <Display>False</Display>
      <PainterOnly></PainterOnly>
    </Item>
    <Item>
      <Label>psPFEAlarmText4</Label>
      <Tab>PFEAlarms</Tab>
      <DataSource>PLC</DataSource>
      <Datatype>string</Datatype>
      <PLCTag>Z1PFEAlarmText4</PLCTag>
      <ProgName1></ProgName1>
      <VarName1></VarName1>
      <ProgName2></ProgName2>
      <VarName2></VarName2>
      <DBName></DBName>
      <DBTableName></DBTableName>
      <DBRowName></DBRowName>
      <DBColumnName></DBColumnName>
      <RegPath></RegPath>
      <RegKey></RegKey>
      <Edit>True</Edit>
      <Min>0</Min>
      <Max>0</Max>
      <Scale>1</Scale>
      <Precision></Precision>
      <UseCbo>False</UseCbo>
      <CustomCBO></CustomCBO>
      <Formula>0</Formula>
      <Display>False</Display>
      <PainterOnly></PainterOnly>
    </Item>
    <Item>
      <Label>psPFEAlarmNum5</Label>
      <Tab>PFEAlarms</Tab>
      <DataSource>PLC</DataSource>
      <Datatype>Int</Datatype>
      <PLCTag>Z1PFEAlarmNum5</PLCTag>
      <ProgName1></ProgName1>
      <VarName1></VarName1>
      <ProgName2></ProgName2>
      <VarName2></VarName2>
      <DBName></DBName>
      <DBTableName></DBTableName>
      <DBRowName></DBRowName>
      <DBColumnName></DBColumnName>
      <RegPath></RegPath>
      <RegKey></RegKey>
      <Edit>True</Edit>
      <Min>0</Min>
      <Max>100000</Max>
      <Scale>1</Scale>
      <Precision></Precision>
      <UseCbo>False</UseCbo>
      <CustomCBO></CustomCBO>
      <Formula>0</Formula>
      <Display>False</Display>
      <PainterOnly></PainterOnly>
    </Item>
    <Item>
      <Label>psPFEAlarmText5</Label>
      <Tab>PFEAlarms</Tab>
      <DataSource>PLC</DataSource>
      <Datatype>string</Datatype>
      <PLCTag>Z1PFEAlarmText5</PLCTag>
      <ProgName1></ProgName1>
      <VarName1></VarName1>
      <ProgName2></ProgName2>
      <VarName2></VarName2>
      <DBName></DBName>
      <DBTableName></DBTableName>
      <DBRowName></DBRowName>
      <DBColumnName></DBColumnName>
      <RegPath></RegPath>
      <RegKey></RegKey>
      <Edit>True</Edit>
      <Min>0</Min>
      <Max>0</Max>
      <Scale>1</Scale>
      <Precision></Precision>
      <UseCbo>False</UseCbo>
      <CustomCBO></CustomCBO>
      <Formula>0</Formula>
      <Display>False</Display>
      <PainterOnly></PainterOnly>
    </Item>
    <Item>
      <Label>psPFEAlarmNum6</Label>
      <Tab>PFEAlarms</Tab>
      <DataSource>PLC</DataSource>
      <Datatype>Int</Datatype>
      <PLCTag>Z1PFEAlarmNum6</PLCTag>
      <ProgName1></ProgName1>
      <VarName1></VarName1>
      <ProgName2></ProgName2>
      <VarName2></VarName2>
      <DBName></DBName>
      <DBTableName></DBTableName>
      <DBRowName></DBRowName>
      <DBColumnName></DBColumnName>
      <RegPath></RegPath>
      <RegKey></RegKey>
      <Edit>True</Edit>
      <Min>0</Min>
      <Max>100000</Max>
      <Scale>1</Scale>
      <Precision></Precision>
      <UseCbo>False</UseCbo>
      <CustomCBO></CustomCBO>
      <Formula>0</Formula>
      <Display>False</Display>
      <PainterOnly></PainterOnly>
    </Item>
    <Item>
      <Label>psPFEAlarmText6</Label>
      <Tab>PFEAlarms</Tab>
      <DataSource>PLC</DataSource>
      <Datatype>string</Datatype>
      <PLCTag>Z1PFEAlarmText6</PLCTag>
      <ProgName1></ProgName1>
      <VarName1></VarName1>
      <ProgName2></ProgName2>
      <VarName2></VarName2>
      <DBName></DBName>
      <DBTableName></DBTableName>
      <DBRowName></DBRowName>
      <DBColumnName></DBColumnName>
      <RegPath></RegPath>
      <RegKey></RegKey>
      <Edit>True</Edit>
      <Min>0</Min>
      <Max>0</Max>
      <Scale>1</Scale>
      <Precision></Precision>
      <UseCbo>False</UseCbo>
      <CustomCBO></CustomCBO>
      <Formula>0</Formula>
      <Display>False</Display>
      <PainterOnly></PainterOnly>
    </Item>
    <Item>
      <Label>psPFEAlarmNum7</Label>
      <Tab>PFEAlarms</Tab>
      <DataSource>PLC</DataSource>
      <Datatype>Int</Datatype>
      <PLCTag>Z1PFEAlarmNum7</PLCTag>
      <ProgName1></ProgName1>
      <VarName1></VarName1>
      <ProgName2></ProgName2>
      <VarName2></VarName2>
      <DBName></DBName>
      <DBTableName></DBTableName>
      <DBRowName></DBRowName>
      <DBColumnName></DBColumnName>
      <RegPath></RegPath>
      <RegKey></RegKey>
      <Edit>True</Edit>
      <Min>0</Min>
      <Max>100000</Max>
      <Scale>1</Scale>
      <Precision></Precision>
      <UseCbo>False</UseCbo>
      <CustomCBO></CustomCBO>
      <Formula>0</Formula>
      <Display>False</Display>
      <PainterOnly></PainterOnly>
    </Item>
    <Item>
      <Label>psPFEAlarmText7</Label>
      <Tab>PFEAlarms</Tab>
      <DataSource>PLC</DataSource>
      <Datatype>string</Datatype>
      <PLCTag>Z1PFEAlarmText7</PLCTag>
      <ProgName1></ProgName1>
      <VarName1></VarName1>
      <ProgName2></ProgName2>
      <VarName2></VarName2>
      <DBName></DBName>
      <DBTableName></DBTableName>
      <DBRowName></DBRowName>
      <DBColumnName></DBColumnName>
      <RegPath></RegPath>
      <RegKey></RegKey>
      <Edit>True</Edit>
      <Min>0</Min>
      <Max>0</Max>
      <Scale>1</Scale>
      <Precision></Precision>
      <UseCbo>False</UseCbo>
      <CustomCBO></CustomCBO>
      <Formula>0</Formula>
      <Display>False</Display>
      <PainterOnly></PainterOnly>
    </Item>
    <Item>
      <Label>psPFEAlarmNum8</Label>
      <Tab>PFEAlarms</Tab>
      <DataSource>PLC</DataSource>
      <Datatype>Int</Datatype>
      <PLCTag>Z1PFEAlarmNum8</PLCTag>
      <ProgName1></ProgName1>
      <VarName1></VarName1>
      <ProgName2></ProgName2>
      <VarName2></VarName2>
      <DBName></DBName>
      <DBTableName></DBTableName>
      <DBRowName></DBRowName>
      <DBColumnName></DBColumnName>
      <RegPath></RegPath>
      <RegKey></RegKey>
      <Edit>True</Edit>
      <Min>0</Min>
      <Max>100000</Max>
      <Scale>1</Scale>
      <Precision></Precision>
      <UseCbo>False</UseCbo>
      <CustomCBO></CustomCBO>
      <Formula>0</Formula>
      <Display>False</Display>
      <PainterOnly></PainterOnly>
    </Item>
    <Item>
      <Label>psPFEAlarmText8</Label>
      <Tab>PFEAlarms</Tab>
      <DataSource>PLC</DataSource>
      <Datatype>string</Datatype>
      <PLCTag>Z1PFEAlarmText8</PLCTag>
      <ProgName1></ProgName1>
      <VarName1></VarName1>
      <ProgName2></ProgName2>
      <VarName2></VarName2>
      <DBName></DBName>
      <DBTableName></DBTableName>
      <DBRowName></DBRowName>
      <DBColumnName></DBColumnName>
      <RegPath></RegPath>
      <RegKey></RegKey>
      <Edit>True</Edit>
      <Min>0</Min>
      <Max>0</Max>
      <Scale>1</Scale>
      <Precision></Precision>
      <UseCbo>False</UseCbo>
      <CustomCBO></CustomCBO>
      <Formula>0</Formula>
      <Display>False</Display>
      <PainterOnly></PainterOnly>
    </Item>
    <Item>
      <Label>psPFEAlarmNum9</Label>
      <Tab>PFEAlarms</Tab>
      <DataSource>PLC</DataSource>
      <Datatype>Int</Datatype>
      <PLCTag>Z1PFEAlarmNum9</PLCTag>
      <ProgName1></ProgName1>
      <VarName1></VarName1>
      <ProgName2></ProgName2>
      <VarName2></VarName2>
      <DBName></DBName>
      <DBTableName></DBTableName>
      <DBRowName></DBRowName>
      <DBColumnName></DBColumnName>
      <RegPath></RegPath>
      <RegKey></RegKey>
      <Edit>True</Edit>
      <Min>0</Min>
      <Max>100000</Max>
      <Scale>1</Scale>
      <Precision></Precision>
      <UseCbo>False</UseCbo>
      <CustomCBO></CustomCBO>
      <Formula>0</Formula>
      <Display>False</Display>
      <PainterOnly></PainterOnly>
    </Item>
    <Item>
      <Label>psPFEAlarmText9</Label>
      <Tab>PFEAlarms</Tab>
      <DataSource>PLC</DataSource>
      <Datatype>string</Datatype>
      <PLCTag>Z1PFEAlarmText9</PLCTag>
      <ProgName1></ProgName1>
      <VarName1></VarName1>
      <ProgName2></ProgName2>
      <VarName2></VarName2>
      <DBName></DBName>
      <DBTableName></DBTableName>
      <DBRowName></DBRowName>
      <DBColumnName></DBColumnName>
      <RegPath></RegPath>
      <RegKey></RegKey>
      <Edit>True</Edit>
      <Min>0</Min>
      <Max>0</Max>
      <Scale>1</Scale>
      <Precision></Precision>
      <UseCbo>False</UseCbo>
      <CustomCBO></CustomCBO>
      <Formula>0</Formula>
      <Display>False</Display>
      <PainterOnly></PainterOnly>
    </Item>
    <Item>
      <Label>psPFEAlarmNum10</Label>
      <Tab>PFEAlarms</Tab>
      <DataSource>PLC</DataSource>
      <Datatype>Int</Datatype>
      <PLCTag>Z1PFEAlarmNum10</PLCTag>
      <ProgName1></ProgName1>
      <VarName1></VarName1>
      <ProgName2></ProgName2>
      <VarName2></VarName2>
      <DBName></DBName>
      <DBTableName></DBTableName>
      <DBRowName></DBRowName>
      <DBColumnName></DBColumnName>
      <RegPath></RegPath>
      <RegKey></RegKey>
      <Edit>True</Edit>
      <Min>0</Min>
      <Max>100000</Max>
      <Scale>1</Scale>
      <Precision></Precision>
      <UseCbo>False</UseCbo>
      <CustomCBO></CustomCBO>
      <Formula>0</Formula>
      <Display>False</Display>
      <PainterOnly></PainterOnly>
    </Item>
    <Item>
      <Label>psPFEAlarmText10</Label>
      <Tab>PFEAlarms</Tab>
      <DataSource>PLC</DataSource>
      <Datatype>string</Datatype>
      <PLCTag>Z1PFEAlarmText10</PLCTag>
      <ProgName1></ProgName1>
      <VarName1></VarName1>
      <ProgName2></ProgName2>
      <VarName2></VarName2>
      <DBName></DBName>
      <DBTableName></DBTableName>
      <DBRowName></DBRowName>
      <DBColumnName></DBColumnName>
      <RegPath></RegPath>
      <RegKey></RegKey>
      <Edit>True</Edit>
      <Min>0</Min>
      <Max>0</Max>
      <Scale>1</Scale>
      <Precision></Precision>
      <UseCbo>False</UseCbo>
      <CustomCBO></CustomCBO>
      <Formula>0</Formula>
      <Display>False</Display>
      <PainterOnly></PainterOnly>
    </Item>
    <Item>
      <Label>psPFEAlarmNum11</Label>
      <Tab>PFEAlarms</Tab>
      <DataSource>PLC</DataSource>
      <Datatype>Int</Datatype>
      <PLCTag>Z1PFEAlarmNum11</PLCTag>
      <ProgName1></ProgName1>
      <VarName1></VarName1>
      <ProgName2></ProgName2>
      <VarName2></VarName2>
      <DBName></DBName>
      <DBTableName></DBTableName>
      <DBRowName></DBRowName>
      <DBColumnName></DBColumnName>
      <RegPath></RegPath>
      <RegKey></RegKey>
      <Edit>True</Edit>
      <Min>0</Min>
      <Max>100000</Max>
      <Scale>1</Scale>
      <Precision></Precision>
      <UseCbo>False</UseCbo>
      <CustomCBO></CustomCBO>
      <Formula>0</Formula>
      <Display>False</Display>
      <PainterOnly></PainterOnly>
    </Item>
    <Item>
      <Label>psPFEAlarmText11</Label>
      <Tab>PFEAlarms</Tab>
      <DataSource>PLC</DataSource>
      <Datatype>string</Datatype>
      <PLCTag>Z1PFEAlarmText11</PLCTag>
      <ProgName1></ProgName1>
      <VarName1></VarName1>
      <ProgName2></ProgName2>
      <VarName2></VarName2>
      <DBName></DBName>
      <DBTableName></DBTableName>
      <DBRowName></DBRowName>
      <DBColumnName></DBColumnName>
      <RegPath></RegPath>
      <RegKey></RegKey>
      <Edit>True</Edit>
      <Min>0</Min>
      <Max>0</Max>
      <Scale>1</Scale>
      <Precision></Precision>
      <UseCbo>False</UseCbo>
      <CustomCBO></CustomCBO>
      <Formula>0</Formula>
      <Display>False</Display>
      <PainterOnly></PainterOnly>
    </Item>
    <Item>
      <Label>psPFEAlarmNum12</Label>
      <Tab>PFEAlarms</Tab>
      <DataSource>PLC</DataSource>
      <Datatype>Int</Datatype>
      <PLCTag>Z1PFEAlarmNum12</PLCTag>
      <ProgName1></ProgName1>
      <VarName1></VarName1>
      <ProgName2></ProgName2>
      <VarName2></VarName2>
      <DBName></DBName>
      <DBTableName></DBTableName>
      <DBRowName></DBRowName>
      <DBColumnName></DBColumnName>
      <RegPath></RegPath>
      <RegKey></RegKey>
      <Edit>True</Edit>
      <Min>0</Min>
      <Max>100000</Max>
      <Scale>1</Scale>
      <Precision></Precision>
      <UseCbo>False</UseCbo>
      <CustomCBO></CustomCBO>
      <Formula>0</Formula>
      <Display>False</Display>
      <PainterOnly></PainterOnly>
    </Item>
    <Item>
      <Label>psPFEAlarmText12</Label>
      <Tab>PFEAlarms</Tab>
      <DataSource>PLC</DataSource>
      <Datatype>string</Datatype>
      <PLCTag>Z1PFEAlarmText12</PLCTag>
      <ProgName1></ProgName1>
      <VarName1></VarName1>
      <ProgName2></ProgName2>
      <VarName2></VarName2>
      <DBName></DBName>
      <DBTableName></DBTableName>
      <DBRowName></DBRowName>
      <DBColumnName></DBColumnName>
      <RegPath></RegPath>
      <RegKey></RegKey>
      <Edit>True</Edit>
      <Min>0</Min>
      <Max>0</Max>
      <Scale>1</Scale>
      <Precision></Precision>
      <UseCbo>False</UseCbo>
      <CustomCBO></CustomCBO>
      <Formula>0</Formula>
      <Display>False</Display>
      <PainterOnly></PainterOnly>
    </Item>
    <Item>
      <Label>psPFEAlarmNum13</Label>
      <Tab>PFEAlarms</Tab>
      <DataSource>PLC</DataSource>
      <Datatype>Int</Datatype>
      <PLCTag>Z1PFEAlarmNum13</PLCTag>
      <ProgName1></ProgName1>
      <VarName1></VarName1>
      <ProgName2></ProgName2>
      <VarName2></VarName2>
      <DBName></DBName>
      <DBTableName></DBTableName>
      <DBRowName></DBRowName>
      <DBColumnName></DBColumnName>
      <RegPath></RegPath>
      <RegKey></RegKey>
      <Edit>True</Edit>
      <Min>0</Min>
      <Max>100000</Max>
      <Scale>1</Scale>
      <Precision></Precision>
      <UseCbo>False</UseCbo>
      <CustomCBO></CustomCBO>
      <Formula>0</Formula>
      <Display>False</Display>
      <PainterOnly></PainterOnly>
    </Item>
    <Item>
      <Label>psPFEAlarmText13</Label>
      <Tab>PFEAlarms</Tab>
      <DataSource>PLC</DataSource>
      <Datatype>string</Datatype>
      <PLCTag>Z1PFEAlarmText13</PLCTag>
      <ProgName1></ProgName1>
      <VarName1></VarName1>
      <ProgName2></ProgName2>
      <VarName2></VarName2>
      <DBName></DBName>
      <DBTableName></DBTableName>
      <DBRowName></DBRowName>
      <DBColumnName></DBColumnName>
      <RegPath></RegPath>
      <RegKey></RegKey>
      <Edit>True</Edit>
      <Min>0</Min>
      <Max>0</Max>
      <Scale>1</Scale>
      <Precision></Precision>
      <UseCbo>False</UseCbo>
      <CustomCBO></CustomCBO>
      <Formula>0</Formula>
      <Display>False</Display>
      <PainterOnly></PainterOnly>
    </Item>
    <Item>
      <Label>psPFEAlarmNum14</Label>
      <Tab>PFEAlarms</Tab>
      <DataSource>PLC</DataSource>
      <Datatype>Int</Datatype>
      <PLCTag>Z1PFEAlarmNum14</PLCTag>
      <ProgName1></ProgName1>
      <VarName1></VarName1>
      <ProgName2></ProgName2>
      <VarName2></VarName2>
      <DBName></DBName>
      <DBTableName></DBTableName>
      <DBRowName></DBRowName>
      <DBColumnName></DBColumnName>
      <RegPath></RegPath>
      <RegKey></RegKey>
      <Edit>True</Edit>
      <Min>0</Min>
      <Max>100000</Max>
      <Scale>1</Scale>
      <Precision></Precision>
      <UseCbo>False</UseCbo>
      <CustomCBO></CustomCBO>
      <Formula>0</Formula>
      <Display>False</Display>
      <PainterOnly></PainterOnly>
    </Item>
    <Item>
      <Label>psPFEAlarmText14</Label>
      <Tab>PFEAlarms</Tab>
      <DataSource>PLC</DataSource>
      <Datatype>string</Datatype>
      <PLCTag>Z1PFEAlarmText14</PLCTag>
      <ProgName1></ProgName1>
      <VarName1></VarName1>
      <ProgName2></ProgName2>
      <VarName2></VarName2>
      <DBName></DBName>
      <DBTableName></DBTableName>
      <DBRowName></DBRowName>
      <DBColumnName></DBColumnName>
      <RegPath></RegPath>
      <RegKey></RegKey>
      <Edit>True</Edit>
      <Min>0</Min>
      <Max>0</Max>
      <Scale>1</Scale>
      <Precision></Precision>
      <UseCbo>False</UseCbo>
      <CustomCBO></CustomCBO>
      <Formula>0</Formula>
      <Display>False</Display>
      <PainterOnly></PainterOnly>
    </Item>
    <Item>
      <Label>psPFEAlarmNum15</Label>
      <Tab>PFEAlarms</Tab>
      <DataSource>PLC</DataSource>
      <Datatype>Int</Datatype>
      <PLCTag>Z1PFEAlarmNum15</PLCTag>
      <ProgName1></ProgName1>
      <VarName1></VarName1>
      <ProgName2></ProgName2>
      <VarName2></VarName2>
      <DBName></DBName>
      <DBTableName></DBTableName>
      <DBRowName></DBRowName>
      <DBColumnName></DBColumnName>
      <RegPath></RegPath>
      <RegKey></RegKey>
      <Edit>True</Edit>
      <Min>0</Min>
      <Max>100000</Max>
      <Scale>1</Scale>
      <Precision></Precision>
      <UseCbo>False</UseCbo>
      <CustomCBO></CustomCBO>
      <Formula>0</Formula>
      <Display>False</Display>
      <PainterOnly></PainterOnly>
    </Item>
    <Item>
      <Label>psPFEAlarmText15</Label>
      <Tab>PFEAlarms</Tab>
      <DataSource>PLC</DataSource>
      <Datatype>string</Datatype>
      <PLCTag>Z1PFEAlarmText15</PLCTag>
      <ProgName1></ProgName1>
      <VarName1></VarName1>
      <ProgName2></ProgName2>
      <VarName2></VarName2>
      <DBName></DBName>
      <DBTableName></DBTableName>
      <DBRowName></DBRowName>
      <DBColumnName></DBColumnName>
      <RegPath></RegPath>
      <RegKey></RegKey>
      <Edit>True</Edit>
      <Min>0</Min>
      <Max>0</Max>
      <Scale>1</Scale>
      <Precision></Precision>
      <UseCbo>False</UseCbo>
      <CustomCBO></CustomCBO>
      <Formula>0</Formula>
      <Display>False</Display>
      <PainterOnly></PainterOnly>
    </Item>
    <Item>
      <Label>psPFEAlarmNum16</Label>
      <Tab>PFEAlarms</Tab>
      <DataSource>PLC</DataSource>
      <Datatype>Int</Datatype>
      <PLCTag>Z1PFEAlarmNum16</PLCTag>
      <ProgName1></ProgName1>
      <VarName1></VarName1>
      <ProgName2></ProgName2>
      <VarName2></VarName2>
      <DBName></DBName>
      <DBTableName></DBTableName>
      <DBRowName></DBRowName>
      <DBColumnName></DBColumnName>
      <RegPath></RegPath>
      <RegKey></RegKey>
      <Edit>True</Edit>
      <Min>0</Min>
      <Max>100000</Max>
      <Scale>1</Scale>
      <Precision></Precision>
      <UseCbo>False</UseCbo>
      <CustomCBO></CustomCBO>
      <Formula>0</Formula>
      <Display>False</Display>
      <PainterOnly></PainterOnly>
    </Item>
    <Item>
      <Label>psPFEAlarmText16</Label>
      <Tab>PFEAlarms</Tab>
      <DataSource>PLC</DataSource>
      <Datatype>string</Datatype>
      <PLCTag>Z1PFEAlarmText16</PLCTag>
      <ProgName1></ProgName1>
      <VarName1></VarName1>
      <ProgName2></ProgName2>
      <VarName2></VarName2>
      <DBName></DBName>
      <DBTableName></DBTableName>
      <DBRowName></DBRowName>
      <DBColumnName></DBColumnName>
      <RegPath></RegPath>
      <RegKey></RegKey>
      <Edit>True</Edit>
      <Min>0</Min>
      <Max>0</Max>
      <Scale>1</Scale>
      <Precision></Precision>
      <UseCbo>False</UseCbo>
      <CustomCBO></CustomCBO>
      <Formula>0</Formula>
      <Display>False</Display>
      <PainterOnly></PainterOnly>
    </Item>
    <Item>
      <Label>psPFEAlarmNum17</Label>
      <Tab>PFEAlarms</Tab>
      <DataSource>PLC</DataSource>
      <Datatype>Int</Datatype>
      <PLCTag>Z1PFEAlarmNum17</PLCTag>
      <ProgName1></ProgName1>
      <VarName1></VarName1>
      <ProgName2></ProgName2>
      <VarName2></VarName2>
      <DBName></DBName>
      <DBTableName></DBTableName>
      <DBRowName></DBRowName>
      <DBColumnName></DBColumnName>
      <RegPath></RegPath>
      <RegKey></RegKey>
      <Edit>True</Edit>
      <Min>0</Min>
      <Max>100000</Max>
      <Scale>1</Scale>
      <Precision></Precision>
      <UseCbo>False</UseCbo>
      <CustomCBO></CustomCBO>
      <Formula>0</Formula>
      <Display>False</Display>
      <PainterOnly></PainterOnly>
    </Item>
    <Item>
      <Label>psPFEAlarmText17</Label>
      <Tab>PFEAlarms</Tab>
      <DataSource>PLC</DataSource>
      <Datatype>string</Datatype>
      <PLCTag>Z1PFEAlarmText17</PLCTag>
      <ProgName1></ProgName1>
      <VarName1></VarName1>
      <ProgName2></ProgName2>
      <VarName2></VarName2>
      <DBName></DBName>
      <DBTableName></DBTableName>
      <DBRowName></DBRowName>
      <DBColumnName></DBColumnName>
      <RegPath></RegPath>
      <RegKey></RegKey>
      <Edit>True</Edit>
      <Min>0</Min>
      <Max>0</Max>
      <Scale>1</Scale>
      <Precision></Precision>
      <UseCbo>False</UseCbo>
      <CustomCBO></CustomCBO>
      <Formula>0</Formula>
      <Display>False</Display>
      <PainterOnly></PainterOnly>
    </Item>
    <Item>
      <Label>psPFEAlarmNum18</Label>
      <Tab>PFEAlarms</Tab>
      <DataSource>PLC</DataSource>
      <Datatype>Int</Datatype>
      <PLCTag>Z1PFEAlarmNum18</PLCTag>
      <ProgName1></ProgName1>
      <VarName1></VarName1>
      <ProgName2></ProgName2>
      <VarName2></VarName2>
      <DBName></DBName>
      <DBTableName></DBTableName>
      <DBRowName></DBRowName>
      <DBColumnName></DBColumnName>
      <RegPath></RegPath>
      <RegKey></RegKey>
      <Edit>True</Edit>
      <Min>0</Min>
      <Max>100000</Max>
      <Scale>1</Scale>
      <Precision></Precision>
      <UseCbo>False</UseCbo>
      <CustomCBO></CustomCBO>
      <Formula>0</Formula>
      <Display>False</Display>
      <PainterOnly></PainterOnly>
    </Item>
    <Item>
      <Label>psPFEAlarmText18</Label>
      <Tab>PFEAlarms</Tab>
      <DataSource>PLC</DataSource>
      <Datatype>string</Datatype>
      <PLCTag>Z1PFEAlarmText18</PLCTag>
      <ProgName1></ProgName1>
      <VarName1></VarName1>
      <ProgName2></ProgName2>
      <VarName2></VarName2>
      <DBName></DBName>
      <DBTableName></DBTableName>
      <DBRowName></DBRowName>
      <DBColumnName></DBColumnName>
      <RegPath></RegPath>
      <RegKey></RegKey>
      <Edit>True</Edit>
      <Min>0</Min>
      <Max>0</Max>
      <Scale>1</Scale>
      <Precision></Precision>
      <UseCbo>False</UseCbo>
      <CustomCBO></CustomCBO>
      <Formula>0</Formula>
      <Display>False</Display>
      <PainterOnly></PainterOnly>
    </Item>
    <Item>
      <Label>psPFEAlarmNum19</Label>
      <Tab>PFEAlarms</Tab>
      <DataSource>PLC</DataSource>
      <Datatype>Int</Datatype>
      <PLCTag>Z1PFEAlarmNum19</PLCTag>
      <ProgName1></ProgName1>
      <VarName1></VarName1>
      <ProgName2></ProgName2>
      <VarName2></VarName2>
      <DBName></DBName>
      <DBTableName></DBTableName>
      <DBRowName></DBRowName>
      <DBColumnName></DBColumnName>
      <RegPath></RegPath>
      <RegKey></RegKey>
      <Edit>True</Edit>
      <Min>0</Min>
      <Max>100000</Max>
      <Scale>1</Scale>
      <Precision></Precision>
      <UseCbo>False</UseCbo>
      <CustomCBO></CustomCBO>
      <Formula>0</Formula>
      <Display>False</Display>
      <PainterOnly></PainterOnly>
    </Item>
    <Item>
      <Label>psPFEAlarmText19</Label>
      <Tab>PFEAlarms</Tab>
      <DataSource>PLC</DataSource>
      <Datatype>string</Datatype>
      <PLCTag>Z1PFEAlarmText19</PLCTag>
      <ProgName1></ProgName1>
      <VarName1></VarName1>
      <ProgName2></ProgName2>
      <VarName2></VarName2>
      <DBName></DBName>
      <DBTableName></DBTableName>
      <DBRowName></DBRowName>
      <DBColumnName></DBColumnName>
      <RegPath></RegPath>
      <RegKey></RegKey>
      <Edit>True</Edit>
      <Min>0</Min>
      <Max>0</Max>
      <Scale>1</Scale>
      <Precision></Precision>
      <UseCbo>False</UseCbo>
      <CustomCBO></CustomCBO>
      <Formula>0</Formula>
      <Display>False</Display>
      <PainterOnly></PainterOnly>
    </Item>
    <Item>
      <Label>psPFEAlarmNum20</Label>
      <Tab>PFEAlarms</Tab>
      <DataSource>PLC</DataSource>
      <Datatype>Int</Datatype>
      <PLCTag>Z1PFEAlarmNum20</PLCTag>
      <ProgName1></ProgName1>
      <VarName1></VarName1>
      <ProgName2></ProgName2>
      <VarName2></VarName2>
      <DBName></DBName>
      <DBTableName></DBTableName>
      <DBRowName></DBRowName>
      <DBColumnName></DBColumnName>
      <RegPath></RegPath>
      <RegKey></RegKey>
      <Edit>True</Edit>
      <Min>0</Min>
      <Max>100000</Max>
      <Scale>1</Scale>
      <Precision></Precision>
      <UseCbo>False</UseCbo>
      <CustomCBO></CustomCBO>
      <Formula>0</Formula>
      <Display>False</Display>
      <PainterOnly></PainterOnly>
    </Item>
    <Item>
      <Label>psPFEAlarmText20</Label>
      <Tab>PFEAlarms</Tab>
      <DataSource>PLC</DataSource>
      <Datatype>string</Datatype>
      <PLCTag>Z1PFEAlarmText20</PLCTag>
      <ProgName1></ProgName1>
      <VarName1></VarName1>
      <ProgName2></ProgName2>
      <VarName2></VarName2>
      <DBName></DBName>
      <DBTableName></DBTableName>
      <DBRowName></DBRowName>
      <DBColumnName></DBColumnName>
      <RegPath></RegPath>
      <RegKey></RegKey>
      <Edit>True</Edit>
      <Min>0</Min>
      <Max>0</Max>
      <Scale>1</Scale>
      <Precision></Precision>
      <UseCbo>False</UseCbo>
      <CustomCBO></CustomCBO>
      <Formula>0</Formula>
      <Display>False</Display>
      <PainterOnly></PainterOnly>
    </Item>
    <Item>
      <Label>psPFEAlarmNum21</Label>
      <Tab>PFEAlarms</Tab>
      <DataSource>PLC</DataSource>
      <Datatype>Int</Datatype>
      <PLCTag>Z1PFEAlarmNum21</PLCTag>
      <ProgName1></ProgName1>
      <VarName1></VarName1>
      <ProgName2></ProgName2>
      <VarName2></VarName2>
      <DBName></DBName>
      <DBTableName></DBTableName>
      <DBRowName></DBRowName>
      <DBColumnName></DBColumnName>
      <RegPath></RegPath>
      <RegKey></RegKey>
      <Edit>True</Edit>
      <Min>0</Min>
      <Max>100000</Max>
      <Scale>1</Scale>
      <Precision></Precision>
      <UseCbo>False</UseCbo>
      <CustomCBO></CustomCBO>
      <Formula>0</Formula>
      <Display>False</Display>
      <PainterOnly></PainterOnly>
    </Item>
    <Item>
      <Label>psPFEAlarmText21</Label>
      <Tab>PFEAlarms</Tab>
      <DataSource>PLC</DataSource>
      <Datatype>string</Datatype>
      <PLCTag>Z1PFEAlarmText21</PLCTag>
      <ProgName1></ProgName1>
      <VarName1></VarName1>
      <ProgName2></ProgName2>
      <VarName2></VarName2>
      <DBName></DBName>
      <DBTableName></DBTableName>
      <DBRowName></DBRowName>
      <DBColumnName></DBColumnName>
      <RegPath></RegPath>
      <RegKey></RegKey>
      <Edit>True</Edit>
      <Min>0</Min>
      <Max>0</Max>
      <Scale>1</Scale>
      <Precision></Precision>
      <UseCbo>False</UseCbo>
      <CustomCBO></CustomCBO>
      <Formula>0</Formula>
      <Display>False</Display>
      <PainterOnly></PainterOnly>
    </Item>
    <Item>
      <Label>psPFEAlarmNum22</Label>
      <Tab>PFEAlarms</Tab>
      <DataSource>PLC</DataSource>
      <Datatype>Int</Datatype>
      <PLCTag>Z1PFEAlarmNum22</PLCTag>
      <ProgName1></ProgName1>
      <VarName1></VarName1>
      <ProgName2></ProgName2>
      <VarName2></VarName2>
      <DBName></DBName>
      <DBTableName></DBTableName>
      <DBRowName></DBRowName>
      <DBColumnName></DBColumnName>
      <RegPath></RegPath>
      <RegKey></RegKey>
      <Edit>True</Edit>
      <Min>0</Min>
      <Max>100000</Max>
      <Scale>1</Scale>
      <Precision></Precision>
      <UseCbo>False</UseCbo>
      <CustomCBO></CustomCBO>
      <Formula>0</Formula>
      <Display>False</Display>
      <PainterOnly></PainterOnly>
    </Item>
    <Item>
      <Label>psPFEAlarmText22</Label>
      <Tab>PFEAlarms</Tab>
      <DataSource>PLC</DataSource>
      <Datatype>string</Datatype>
      <PLCTag>Z1PFEAlarmText22</PLCTag>
      <ProgName1></ProgName1>
      <VarName1></VarName1>
      <ProgName2></ProgName2>
      <VarName2></VarName2>
      <DBName></DBName>
      <DBTableName></DBTableName>
      <DBRowName></DBRowName>
      <DBColumnName></DBColumnName>
      <RegPath></RegPath>
      <RegKey></RegKey>
      <Edit>True</Edit>
      <Min>0</Min>
      <Max>0</Max>
      <Scale>1</Scale>
      <Precision></Precision>
      <UseCbo>False</UseCbo>
      <CustomCBO></CustomCBO>
      <Formula>0</Formula>
      <Display>False</Display>
      <PainterOnly></PainterOnly>
    </Item>
    <Item>
      <Label>psPFEAlarmNum23</Label>
      <Tab>PFEAlarms</Tab>
      <DataSource>PLC</DataSource>
      <Datatype>Int</Datatype>
      <PLCTag>Z1PFEAlarmNum23</PLCTag>
      <ProgName1></ProgName1>
      <VarName1></VarName1>
      <ProgName2></ProgName2>
      <VarName2></VarName2>
      <DBName></DBName>
      <DBTableName></DBTableName>
      <DBRowName></DBRowName>
      <DBColumnName></DBColumnName>
      <RegPath></RegPath>
      <RegKey></RegKey>
      <Edit>True</Edit>
      <Min>0</Min>
      <Max>100000</Max>
      <Scale>1</Scale>
      <Precision></Precision>
      <UseCbo>False</UseCbo>
      <CustomCBO></CustomCBO>
      <Formula>0</Formula>
      <Display>False</Display>
      <PainterOnly></PainterOnly>
    </Item>
    <Item>
      <Label>psPFEAlarmText23</Label>
      <Tab>PFEAlarms</Tab>
      <DataSource>PLC</DataSource>
      <Datatype>string</Datatype>
      <PLCTag>Z1PFEAlarmText23</PLCTag>
      <ProgName1></ProgName1>
      <VarName1></VarName1>
      <ProgName2></ProgName2>
      <VarName2></VarName2>
      <DBName></DBName>
      <DBTableName></DBTableName>
      <DBRowName></DBRowName>
      <DBColumnName></DBColumnName>
      <RegPath></RegPath>
      <RegKey></RegKey>
      <Edit>True</Edit>
      <Min>0</Min>
      <Max>0</Max>
      <Scale>1</Scale>
      <Precision></Precision>
      <UseCbo>False</UseCbo>
      <CustomCBO></CustomCBO>
      <Formula>0</Formula>
      <Display>False</Display>
      <PainterOnly></PainterOnly>
    </Item>
    <Item>
      <Label>psPFEAlarmNum24</Label>
      <Tab>PFEAlarms</Tab>
      <DataSource>PLC</DataSource>
      <Datatype>Int</Datatype>
      <PLCTag>Z1PFEAlarmNum24</PLCTag>
      <ProgName1></ProgName1>
      <VarName1></VarName1>
      <ProgName2></ProgName2>
      <VarName2></VarName2>
      <DBName></DBName>
      <DBTableName></DBTableName>
      <DBRowName></DBRowName>
      <DBColumnName></DBColumnName>
      <RegPath></RegPath>
      <RegKey></RegKey>
      <Edit>True</Edit>
      <Min>0</Min>
      <Max>100000</Max>
      <Scale>1</Scale>
      <Precision></Precision>
      <UseCbo>False</UseCbo>
      <CustomCBO></CustomCBO>
      <Formula>0</Formula>
      <Display>False</Display>
      <PainterOnly></PainterOnly>
    </Item>
    <Item>
      <Label>psPFEAlarmText24</Label>
      <Tab>PFEAlarms</Tab>
      <DataSource>PLC</DataSource>
      <Datatype>string</Datatype>
      <PLCTag>Z1PFEAlarmText24</PLCTag>
      <ProgName1></ProgName1>
      <VarName1></VarName1>
      <ProgName2></ProgName2>
      <VarName2></VarName2>
      <DBName></DBName>
      <DBTableName></DBTableName>
      <DBRowName></DBRowName>
      <DBColumnName></DBColumnName>
      <RegPath></RegPath>
      <RegKey></RegKey>
      <Edit>True</Edit>
      <Min>0</Min>
      <Max>0</Max>
      <Scale>1</Scale>
      <Precision></Precision>
      <UseCbo>False</UseCbo>
      <CustomCBO></CustomCBO>
      <Formula>0</Formula>
      <Display>False</Display>
      <PainterOnly></PainterOnly>
    </Item>
    <Item>
      <Label>psPFEAlarmNum25</Label>
      <Tab>PFEAlarms</Tab>
      <DataSource>PLC</DataSource>
      <Datatype>Int</Datatype>
      <PLCTag>Z1PFEAlarmNum25</PLCTag>
      <ProgName1></ProgName1>
      <VarName1></VarName1>
      <ProgName2></ProgName2>
      <VarName2></VarName2>
      <DBName></DBName>
      <DBTableName></DBTableName>
      <DBRowName></DBRowName>
      <DBColumnName></DBColumnName>
      <RegPath></RegPath>
      <RegKey></RegKey>
      <Edit>True</Edit>
      <Min>0</Min>
      <Max>100000</Max>
      <Scale>1</Scale>
      <Precision></Precision>
      <UseCbo>False</UseCbo>
      <CustomCBO></CustomCBO>
      <Formula>0</Formula>
      <Display>False</Display>
      <PainterOnly></PainterOnly>
    </Item>
    <Item>
      <Label>psPFEAlarmText25</Label>
      <Tab>PFEAlarms</Tab>
      <DataSource>PLC</DataSource>
      <Datatype>string</Datatype>
      <PLCTag>Z1PFEAlarmText25</PLCTag>
      <ProgName1></ProgName1>
      <VarName1></VarName1>
      <ProgName2></ProgName2>
      <VarName2></VarName2>
      <DBName></DBName>
      <DBTableName></DBTableName>
      <DBRowName></DBRowName>
      <DBColumnName></DBColumnName>
      <RegPath></RegPath>
      <RegKey></RegKey>
      <Edit>True</Edit>
      <Min>0</Min>
      <Max>0</Max>
      <Scale>1</Scale>
      <Precision></Precision>
      <UseCbo>False</UseCbo>
      <CustomCBO></CustomCBO>
      <Formula>0</Formula>
      <Display>False</Display>
      <PainterOnly></PainterOnly>
    </Item>
    <Item>
      <Label>psPFEAlarmNum26</Label>
      <Tab>PFEAlarms</Tab>
      <DataSource>PLC</DataSource>
      <Datatype>Int</Datatype>
      <PLCTag>Z1PFEAlarmNum26</PLCTag>
      <ProgName1></ProgName1>
      <VarName1></VarName1>
      <ProgName2></ProgName2>
      <VarName2></VarName2>
      <DBName></DBName>
      <DBTableName></DBTableName>
      <DBRowName></DBRowName>
      <DBColumnName></DBColumnName>
      <RegPath></RegPath>
      <RegKey></RegKey>
      <Edit>True</Edit>
      <Min>0</Min>
      <Max>100000</Max>
      <Scale>1</Scale>
      <Precision></Precision>
      <UseCbo>False</UseCbo>
      <CustomCBO></CustomCBO>
      <Formula>0</Formula>
      <Display>False</Display>
      <PainterOnly></PainterOnly>
    </Item>
    <Item>
      <Label>psPFEAlarmText26</Label>
      <Tab>PFEAlarms</Tab>
      <DataSource>PLC</DataSource>
      <Datatype>string</Datatype>
      <PLCTag>Z1PFEAlarmText26</PLCTag>
      <ProgName1></ProgName1>
      <VarName1></VarName1>
      <ProgName2></ProgName2>
      <VarName2></VarName2>
      <DBName></DBName>
      <DBTableName></DBTableName>
      <DBRowName></DBRowName>
      <DBColumnName></DBColumnName>
      <RegPath></RegPath>
      <RegKey></RegKey>
      <Edit>True</Edit>
      <Min>0</Min>
      <Max>0</Max>
      <Scale>1</Scale>
      <Precision></Precision>
      <UseCbo>False</UseCbo>
      <CustomCBO></CustomCBO>
      <Formula>0</Formula>
      <Display>False</Display>
      <PainterOnly></PainterOnly>
    </Item>
    <Item>
      <Label>psPFEAlarmNum27</Label>
      <Tab>PFEAlarms</Tab>
      <DataSource>PLC</DataSource>
      <Datatype>Int</Datatype>
      <PLCTag>Z1PFEAlarmNum27</PLCTag>
      <ProgName1></ProgName1>
      <VarName1></VarName1>
      <ProgName2></ProgName2>
      <VarName2></VarName2>
      <DBName></DBName>
      <DBTableName></DBTableName>
      <DBRowName></DBRowName>
      <DBColumnName></DBColumnName>
      <RegPath></RegPath>
      <RegKey></RegKey>
      <Edit>True</Edit>
      <Min>0</Min>
      <Max>100000</Max>
      <Scale>1</Scale>
      <Precision></Precision>
      <UseCbo>False</UseCbo>
      <CustomCBO></CustomCBO>
      <Formula>0</Formula>
      <Display>False</Display>
      <PainterOnly></PainterOnly>
    </Item>
    <Item>
      <Label>psPFEAlarmText27</Label>
      <Tab>PFEAlarms</Tab>
      <DataSource>PLC</DataSource>
      <Datatype>string</Datatype>
      <PLCTag>Z1PFEAlarmText27</PLCTag>
      <ProgName1></ProgName1>
      <VarName1></VarName1>
      <ProgName2></ProgName2>
      <VarName2></VarName2>
      <DBName></DBName>
      <DBTableName></DBTableName>
      <DBRowName></DBRowName>
      <DBColumnName></DBColumnName>
      <RegPath></RegPath>
      <RegKey></RegKey>
      <Edit>True</Edit>
      <Min>0</Min>
      <Max>0</Max>
      <Scale>1</Scale>
      <Precision></Precision>
      <UseCbo>False</UseCbo>
      <CustomCBO></CustomCBO>
      <Formula>0</Formula>
      <Display>False</Display>
      <PainterOnly></PainterOnly>
    </Item>
    <Item>
      <Label>psPFEAlarmNum28</Label>
      <Tab>PFEAlarms</Tab>
      <DataSource>PLC</DataSource>
      <Datatype>Int</Datatype>
      <PLCTag>Z1PFEAlarmNum28</PLCTag>
      <ProgName1></ProgName1>
      <VarName1></VarName1>
      <ProgName2></ProgName2>
      <VarName2></VarName2>
      <DBName></DBName>
      <DBTableName></DBTableName>
      <DBRowName></DBRowName>
      <DBColumnName></DBColumnName>
      <RegPath></RegPath>
      <RegKey></RegKey>
      <Edit>True</Edit>
      <Min>0</Min>
      <Max>100000</Max>
      <Scale>1</Scale>
      <Precision></Precision>
      <UseCbo>False</UseCbo>
      <CustomCBO></CustomCBO>
      <Formula>0</Formula>
      <Display>False</Display>
      <PainterOnly></PainterOnly>
    </Item>
    <Item>
      <Label>psPFEAlarmText28</Label>
      <Tab>PFEAlarms</Tab>
      <DataSource>PLC</DataSource>
      <Datatype>string</Datatype>
      <PLCTag>Z1PFEAlarmText28</PLCTag>
      <ProgName1></ProgName1>
      <VarName1></VarName1>
      <ProgName2></ProgName2>
      <VarName2></VarName2>
      <DBName></DBName>
      <DBTableName></DBTableName>
      <DBRowName></DBRowName>
      <DBColumnName></DBColumnName>
      <RegPath></RegPath>
      <RegKey></RegKey>
      <Edit>True</Edit>
      <Min>0</Min>
      <Max>0</Max>
      <Scale>1</Scale>
      <Precision></Precision>
      <UseCbo>False</UseCbo>
      <CustomCBO></CustomCBO>
      <Formula>0</Formula>
      <Display>False</Display>
      <PainterOnly></PainterOnly>
    </Item>
    <Item>
      <Label>psPFEAlarmNum29</Label>
      <Tab>PFEAlarms</Tab>
      <DataSource>PLC</DataSource>
      <Datatype>Int</Datatype>
      <PLCTag>Z1PFEAlarmNum29</PLCTag>
      <ProgName1></ProgName1>
      <VarName1></VarName1>
      <ProgName2></ProgName2>
      <VarName2></VarName2>
      <DBName></DBName>
      <DBTableName></DBTableName>
      <DBRowName></DBRowName>
      <DBColumnName></DBColumnName>
      <RegPath></RegPath>
      <RegKey></RegKey>
      <Edit>True</Edit>
      <Min>0</Min>
      <Max>100000</Max>
      <Scale>1</Scale>
      <Precision></Precision>
      <UseCbo>False</UseCbo>
      <CustomCBO></CustomCBO>
      <Formula>0</Formula>
      <Display>False</Display>
      <PainterOnly></PainterOnly>
    </Item>
    <Item>
      <Label>psPFEAlarmText29</Label>
      <Tab>PFEAlarms</Tab>
      <DataSource>PLC</DataSource>
      <Datatype>string</Datatype>
      <PLCTag>Z1PFEAlarmText29</PLCTag>
      <ProgName1></ProgName1>
      <VarName1></VarName1>
      <ProgName2></ProgName2>
      <VarName2></VarName2>
      <DBName></DBName>
      <DBTableName></DBTableName>
      <DBRowName></DBRowName>
      <DBColumnName></DBColumnName>
      <RegPath></RegPath>
      <RegKey></RegKey>
      <Edit>True</Edit>
      <Min>0</Min>
      <Max>0</Max>
      <Scale>1</Scale>
      <Precision></Precision>
      <UseCbo>False</UseCbo>
      <CustomCBO></CustomCBO>
      <Formula>0</Formula>
      <Display>False</Display>
      <PainterOnly></PainterOnly>
    </Item>
    <Item>
      <Label>psPFEAlarmNum30</Label>
      <Tab>PFEAlarms</Tab>
      <DataSource>PLC</DataSource>
      <Datatype>Int</Datatype>
      <PLCTag>Z1PFEAlarmNum30</PLCTag>
      <ProgName1></ProgName1>
      <VarName1></VarName1>
      <ProgName2></ProgName2>
      <VarName2></VarName2>
      <DBName></DBName>
      <DBTableName></DBTableName>
      <DBRowName></DBRowName>
      <DBColumnName></DBColumnName>
      <RegPath></RegPath>
      <RegKey></RegKey>
      <Edit>True</Edit>
      <Min>0</Min>
      <Max>100000</Max>
      <Scale>1</Scale>
      <Precision></Precision>
      <UseCbo>False</UseCbo>
      <CustomCBO></CustomCBO>
      <Formula>0</Formula>
      <Display>False</Display>
      <PainterOnly></PainterOnly>
    </Item>
    <Item>
      <Label>psPFEAlarmText30</Label>
      <Tab>PFEAlarms</Tab>
      <DataSource>PLC</DataSource>
      <Datatype>string</Datatype>
      <PLCTag>Z1PFEAlarmText30</PLCTag>
      <ProgName1></ProgName1>
      <VarName1></VarName1>
      <ProgName2></ProgName2>
      <VarName2></VarName2>
      <DBName></DBName>
      <DBTableName></DBTableName>
      <DBRowName></DBRowName>
      <DBColumnName></DBColumnName>
      <RegPath></RegPath>
      <RegKey></RegKey>
      <Edit>True</Edit>
      <Min>0</Min>
      <Max>0</Max>
      <Scale>1</Scale>
      <Precision></Precision>
      <UseCbo>False</UseCbo>
      <CustomCBO></CustomCBO>
      <Formula>0</Formula>
      <Display>False</Display>
      <PainterOnly></PainterOnly>
    </Item>
    <Item>
      <Label>psPFEAlarmNum31</Label>
      <Tab>PFEAlarms</Tab>
      <DataSource>PLC</DataSource>
      <Datatype>Int</Datatype>
      <PLCTag>Z1PFEAlarmNum31</PLCTag>
      <ProgName1></ProgName1>
      <VarName1></VarName1>
      <ProgName2></ProgName2>
      <VarName2></VarName2>
      <DBName></DBName>
      <DBTableName></DBTableName>
      <DBRowName></DBRowName>
      <DBColumnName></DBColumnName>
      <RegPath></RegPath>
      <RegKey></RegKey>
      <Edit>True</Edit>
      <Min>0</Min>
      <Max>100000</Max>
      <Scale>1</Scale>
      <Precision></Precision>
      <UseCbo>False</UseCbo>
      <CustomCBO></CustomCBO>
      <Formula>0</Formula>
      <Display>False</Display>
      <PainterOnly></PainterOnly>
    </Item>
    <Item>
      <Label>psPFEAlarmText31</Label>
      <Tab>PFEAlarms</Tab>
      <DataSource>PLC</DataSource>
      <Datatype>string</Datatype>
      <PLCTag>Z1PFEAlarmText31</PLCTag>
      <ProgName1></ProgName1>
      <VarName1></VarName1>
      <ProgName2></ProgName2>
      <VarName2></VarName2>
      <DBName></DBName>
      <DBTableName></DBTableName>
      <DBRowName></DBRowName>
      <DBColumnName></DBColumnName>
      <RegPath></RegPath>
      <RegKey></RegKey>
      <Edit>True</Edit>
      <Min>0</Min>
      <Max>0</Max>
      <Scale>1</Scale>
      <Precision></Precision>
      <UseCbo>False</UseCbo>
      <CustomCBO></CustomCBO>
      <Formula>0</Formula>
      <Display>False</Display>
      <PainterOnly></PainterOnly>
    </Item>
    <Item>
      <Label>psPFEAlarmNum32</Label>
      <Tab>PFEAlarms</Tab>
      <DataSource>PLC</DataSource>
      <Datatype>Int</Datatype>
      <PLCTag>Z1PFEAlarmNum32</PLCTag>
      <ProgName1></ProgName1>
      <VarName1></VarName1>
      <ProgName2></ProgName2>
      <VarName2></VarName2>
      <DBName></DBName>
      <DBTableName></DBTableName>
      <DBRowName></DBRowName>
      <DBColumnName></DBColumnName>
      <RegPath></RegPath>
      <RegKey></RegKey>
      <Edit>True</Edit>
      <Min>0</Min>
      <Max>100000</Max>
      <Scale>1</Scale>
      <Precision></Precision>
      <UseCbo>False</UseCbo>
      <CustomCBO></CustomCBO>
      <Formula>0</Formula>
      <Display>False</Display>
      <PainterOnly></PainterOnly>
    </Item>
    <Item>
      <Label>psPFEAlarmText32</Label>
      <Tab>PFEAlarms</Tab>
      <DataSource>PLC</DataSource>
      <Datatype>string</Datatype>
      <PLCTag>Z1PFEAlarmText32</PLCTag>
      <ProgName1></ProgName1>
      <VarName1></VarName1>
      <ProgName2></ProgName2>
      <VarName2></VarName2>
      <DBName></DBName>
      <DBTableName></DBTableName>
      <DBRowName></DBRowName>
      <DBColumnName></DBColumnName>
      <RegPath></RegPath>
      <RegKey></RegKey>
      <Edit>True</Edit>
      <Min>0</Min>
      <Max>0</Max>
      <Scale>1</Scale>
      <Precision></Precision>
      <UseCbo>False</UseCbo>
      <CustomCBO></CustomCBO>
      <Formula>0</Formula>
      <Display>False</Display>
      <PainterOnly></PainterOnly>
    </Item>
    <Item>
      <Label>psPFEAlarmNum33</Label>
      <Tab>PFEAlarms</Tab>
      <DataSource>PLC</DataSource>
      <Datatype>Int</Datatype>
      <PLCTag>Z1PFEAlarmNum33</PLCTag>
      <ProgName1></ProgName1>
      <VarName1></VarName1>
      <ProgName2></ProgName2>
      <VarName2></VarName2>
      <DBName></DBName>
      <DBTableName></DBTableName>
      <DBRowName></DBRowName>
      <DBColumnName></DBColumnName>
      <RegPath></RegPath>
      <RegKey></RegKey>
      <Edit>True</Edit>
      <Min>0</Min>
      <Max>100000</Max>
      <Scale>1</Scale>
      <Precision></Precision>
      <UseCbo>False</UseCbo>
      <CustomCBO></CustomCBO>
      <Formula>0</Formula>
      <Display>False</Display>
      <PainterOnly></PainterOnly>
    </Item>
    <Item>
      <Label>psPFEAlarmText33</Label>
      <Tab>PFEAlarms</Tab>
      <DataSource>PLC</DataSource>
      <Datatype>string</Datatype>
      <PLCTag>Z1PFEAlarmText33</PLCTag>
      <ProgName1></ProgName1>
      <VarName1></VarName1>
      <ProgName2></ProgName2>
      <VarName2></VarName2>
      <DBName></DBName>
      <DBTableName></DBTableName>
      <DBRowName></DBRowName>
      <DBColumnName></DBColumnName>
      <RegPath></RegPath>
      <RegKey></RegKey>
      <Edit>True</Edit>
      <Min>0</Min>
      <Max>0</Max>
      <Scale>1</Scale>
      <Precision></Precision>
      <UseCbo>False</UseCbo>
      <CustomCBO></CustomCBO>
      <Formula>0</Formula>
      <Display>False</Display>
      <PainterOnly></PainterOnly>
    </Item>
    <Item>
      <Label>psPFEAlarmNum34</Label>
      <Tab>PFEAlarms</Tab>
      <DataSource>PLC</DataSource>
      <Datatype>Int</Datatype>
      <PLCTag>Z1PFEAlarmNum34</PLCTag>
      <ProgName1></ProgName1>
      <VarName1></VarName1>
      <ProgName2></ProgName2>
      <VarName2></VarName2>
      <DBName></DBName>
      <DBTableName></DBTableName>
      <DBRowName></DBRowName>
      <DBColumnName></DBColumnName>
      <RegPath></RegPath>
      <RegKey></RegKey>
      <Edit>True</Edit>
      <Min>0</Min>
      <Max>100000</Max>
      <Scale>1</Scale>
      <Precision></Precision>
      <UseCbo>False</UseCbo>
      <CustomCBO></CustomCBO>
      <Formula>0</Formula>
      <Display>False</Display>
      <PainterOnly></PainterOnly>
    </Item>
    <Item>
      <Label>psPFEAlarmText34</Label>
      <Tab>PFEAlarms</Tab>
      <DataSource>PLC</DataSource>
      <Datatype>string</Datatype>
      <PLCTag>Z1PFEAlarmText34</PLCTag>
      <ProgName1></ProgName1>
      <VarName1></VarName1>
      <ProgName2></ProgName2>
      <VarName2></VarName2>
      <DBName></DBName>
      <DBTableName></DBTableName>
      <DBRowName></DBRowName>
      <DBColumnName></DBColumnName>
      <RegPath></RegPath>
      <RegKey></RegKey>
      <Edit>True</Edit>
      <Min>0</Min>
      <Max>0</Max>
      <Scale>1</Scale>
      <Precision></Precision>
      <UseCbo>False</UseCbo>
      <CustomCBO></CustomCBO>
      <Formula>0</Formula>
      <Display>False</Display>
      <PainterOnly></PainterOnly>
    </Item>
    <Item>
      <Label>psPFEAlarmNum35</Label>
      <Tab>PFEAlarms</Tab>
      <DataSource>PLC</DataSource>
      <Datatype>Int</Datatype>
      <PLCTag>Z1PFEAlarmNum35</PLCTag>
      <ProgName1></ProgName1>
      <VarName1></VarName1>
      <ProgName2></ProgName2>
      <VarName2></VarName2>
      <DBName></DBName>
      <DBTableName></DBTableName>
      <DBRowName></DBRowName>
      <DBColumnName></DBColumnName>
      <RegPath></RegPath>
      <RegKey></RegKey>
      <Edit>True</Edit>
      <Min>0</Min>
      <Max>100000</Max>
      <Scale>1</Scale>
      <Precision></Precision>
      <UseCbo>False</UseCbo>
      <CustomCBO></CustomCBO>
      <Formula>0</Formula>
      <Display>False</Display>
      <PainterOnly></PainterOnly>
    </Item>
    <Item>
      <Label>psPFEAlarmText35</Label>
      <Tab>PFEAlarms</Tab>
      <DataSource>PLC</DataSource>
      <Datatype>string</Datatype>
      <PLCTag>Z1PFEAlarmText35</PLCTag>
      <ProgName1></ProgName1>
      <VarName1></VarName1>
      <ProgName2></ProgName2>
      <VarName2></VarName2>
      <DBName></DBName>
      <DBTableName></DBTableName>
      <DBRowName></DBRowName>
      <DBColumnName></DBColumnName>
      <RegPath></RegPath>
      <RegKey></RegKey>
      <Edit>True</Edit>
      <Min>0</Min>
      <Max>0</Max>
      <Scale>1</Scale>
      <Precision></Precision>
      <UseCbo>False</UseCbo>
      <CustomCBO></CustomCBO>
      <Formula>0</Formula>
      <Display>False</Display>
      <PainterOnly></PainterOnly>
    </Item>
    <Item>
      <Label>psPFEAlarmNum36</Label>
      <Tab>PFEAlarms</Tab>
      <DataSource>PLC</DataSource>
      <Datatype>Int</Datatype>
      <PLCTag>Z1PFEAlarmNum36</PLCTag>
      <ProgName1></ProgName1>
      <VarName1></VarName1>
      <ProgName2></ProgName2>
      <VarName2></VarName2>
      <DBName></DBName>
      <DBTableName></DBTableName>
      <DBRowName></DBRowName>
      <DBColumnName></DBColumnName>
      <RegPath></RegPath>
      <RegKey></RegKey>
      <Edit>True</Edit>
      <Min>0</Min>
      <Max>100000</Max>
      <Scale>1</Scale>
      <Precision></Precision>
      <UseCbo>False</UseCbo>
      <CustomCBO></CustomCBO>
      <Formula>0</Formula>
      <Display>False</Display>
      <PainterOnly></PainterOnly>
    </Item>
    <Item>
      <Label>psPFEAlarmText36</Label>
      <Tab>PFEAlarms</Tab>
      <DataSource>PLC</DataSource>
      <Datatype>string</Datatype>
      <PLCTag>Z1PFEAlarmText36</PLCTag>
      <ProgName1></ProgName1>
      <VarName1></VarName1>
      <ProgName2></ProgName2>
      <VarName2></VarName2>
      <DBName></DBName>
      <DBTableName></DBTableName>
      <DBRowName></DBRowName>
      <DBColumnName></DBColumnName>
      <RegPath></RegPath>
      <RegKey></RegKey>
      <Edit>True</Edit>
      <Min>0</Min>
      <Max>0</Max>
      <Scale>1</Scale>
      <Precision></Precision>
      <UseCbo>False</UseCbo>
      <CustomCBO></CustomCBO>
      <Formula>0</Formula>
      <Display>False</Display>
      <PainterOnly></PainterOnly>
    </Item>
    <Item>
      <Label>psPFEAlarmNum37</Label>
      <Tab>PFEAlarms</Tab>
      <DataSource>PLC</DataSource>
      <Datatype>Int</Datatype>
      <PLCTag>Z1PFEAlarmNum37</PLCTag>
      <ProgName1></ProgName1>
      <VarName1></VarName1>
      <ProgName2></ProgName2>
      <VarName2></VarName2>
      <DBName></DBName>
      <DBTableName></DBTableName>
      <DBRowName></DBRowName>
      <DBColumnName></DBColumnName>
      <RegPath></RegPath>
      <RegKey></RegKey>
      <Edit>True</Edit>
      <Min>0</Min>
      <Max>100000</Max>
      <Scale>1</Scale>
      <Precision></Precision>
      <UseCbo>False</UseCbo>
      <CustomCBO></CustomCBO>
      <Formula>0</Formula>
      <Display>False</Display>
      <PainterOnly></PainterOnly>
    </Item>
    <Item>
      <Label>psPFEAlarmText37</Label>
      <Tab>PFEAlarms</Tab>
      <DataSource>PLC</DataSource>
      <Datatype>string</Datatype>
      <PLCTag>Z1PFEAlarmText37</PLCTag>
      <ProgName1></ProgName1>
      <VarName1></VarName1>
      <ProgName2></ProgName2>
      <VarName2></VarName2>
      <DBName></DBName>
      <DBTableName></DBTableName>
      <DBRowName></DBRowName>
      <DBColumnName></DBColumnName>
      <RegPath></RegPath>
      <RegKey></RegKey>
      <Edit>True</Edit>
      <Min>0</Min>
      <Max>0</Max>
      <Scale>1</Scale>
      <Precision></Precision>
      <UseCbo>False</UseCbo>
      <CustomCBO></CustomCBO>
      <Formula>0</Formula>
      <Display>False</Display>
      <PainterOnly></PainterOnly>
    </Item>
    <Item>
      <Label>psPFEAlarmNum38</Label>
      <Tab>PFEAlarms</Tab>
      <DataSource>PLC</DataSource>
      <Datatype>Int</Datatype>
      <PLCTag>Z1PFEAlarmNum38</PLCTag>
      <ProgName1></ProgName1>
      <VarName1></VarName1>
      <ProgName2></ProgName2>
      <VarName2></VarName2>
      <DBName></DBName>
      <DBTableName></DBTableName>
      <DBRowName></DBRowName>
      <DBColumnName></DBColumnName>
      <RegPath></RegPath>
      <RegKey></RegKey>
      <Edit>True</Edit>
      <Min>0</Min>
      <Max>100000</Max>
      <Scale>1</Scale>
      <Precision></Precision>
      <UseCbo>False</UseCbo>
      <CustomCBO></CustomCBO>
      <Formula>0</Formula>
      <Display>False</Display>
      <PainterOnly></PainterOnly>
    </Item>
    <Item>
      <Label>psPFEAlarmText38</Label>
      <Tab>PFEAlarms</Tab>
      <DataSource>PLC</DataSource>
      <Datatype>string</Datatype>
      <PLCTag>Z1PFEAlarmText38</PLCTag>
      <ProgName1></ProgName1>
      <VarName1></VarName1>
      <ProgName2></ProgName2>
      <VarName2></VarName2>
      <DBName></DBName>
      <DBTableName></DBTableName>
      <DBRowName></DBRowName>
      <DBColumnName></DBColumnName>
      <RegPath></RegPath>
      <RegKey></RegKey>
      <Edit>True</Edit>
      <Min>0</Min>
      <Max>0</Max>
      <Scale>1</Scale>
      <Precision></Precision>
      <UseCbo>False</UseCbo>
      <CustomCBO></CustomCBO>
      <Formula>0</Formula>
      <Display>False</Display>
      <PainterOnly></PainterOnly>
    </Item>
    <Item>
      <Label>psPFEAlarmNum39</Label>
      <Tab>PFEAlarms</Tab>
      <DataSource>PLC</DataSource>
      <Datatype>Int</Datatype>
      <PLCTag>Z1PFEAlarmNum39</PLCTag>
      <ProgName1></ProgName1>
      <VarName1></VarName1>
      <ProgName2></ProgName2>
      <VarName2></VarName2>
      <DBName></DBName>
      <DBTableName></DBTableName>
      <DBRowName></DBRowName>
      <DBColumnName></DBColumnName>
      <RegPath></RegPath>
      <RegKey></RegKey>
      <Edit>True</Edit>
      <Min>0</Min>
      <Max>100000</Max>
      <Scale>1</Scale>
      <Precision></Precision>
      <UseCbo>False</UseCbo>
      <CustomCBO></CustomCBO>
      <Formula>0</Formula>
      <Display>False</Display>
      <PainterOnly></PainterOnly>
    </Item>
    <Item>
      <Label>psPFEAlarmText39</Label>
      <Tab>PFEAlarms</Tab>
      <DataSource>PLC</DataSource>
      <Datatype>string</Datatype>
      <PLCTag>Z1PFEAlarmText39</PLCTag>
      <ProgName1></ProgName1>
      <VarName1></VarName1>
      <ProgName2></ProgName2>
      <VarName2></VarName2>
      <DBName></DBName>
      <DBTableName></DBTableName>
      <DBRowName></DBRowName>
      <DBColumnName></DBColumnName>
      <RegPath></RegPath>
      <RegKey></RegKey>
      <Edit>True</Edit>
      <Min>0</Min>
      <Max>0</Max>
      <Scale>1</Scale>
      <Precision></Precision>
      <UseCbo>False</UseCbo>
      <CustomCBO></CustomCBO>
      <Formula>0</Formula>
      <Display>False</Display>
      <PainterOnly></PainterOnly>
    </Item>
    <Item>
      <Label>psPFEAlarmNum40</Label>
      <Tab>PFEAlarms</Tab>
      <DataSource>PLC</DataSource>
      <Datatype>Int</Datatype>
      <PLCTag>Z1PFEAlarmNum40</PLCTag>
      <ProgName1></ProgName1>
      <VarName1></VarName1>
      <ProgName2></ProgName2>
      <VarName2></VarName2>
      <DBName></DBName>
      <DBTableName></DBTableName>
      <DBRowName></DBRowName>
      <DBColumnName></DBColumnName>
      <RegPath></RegPath>
      <RegKey></RegKey>
      <Edit>True</Edit>
      <Min>0</Min>
      <Max>100000</Max>
      <Scale>1</Scale>
      <Precision></Precision>
      <UseCbo>False</UseCbo>
      <CustomCBO></CustomCBO>
      <Formula>0</Formula>
      <Display>False</Display>
      <PainterOnly></PainterOnly>
    </Item>
    <Item>
      <Label>psPFEAlarmText40</Label>
      <Tab>PFEAlarms</Tab>
      <DataSource>PLC</DataSource>
      <Datatype>string</Datatype>
      <PLCTag>Z1PFEAlarmText40</PLCTag>
      <ProgName1></ProgName1>
      <VarName1></VarName1>
      <ProgName2></ProgName2>
      <VarName2></VarName2>
      <DBName></DBName>
      <DBTableName></DBTableName>
      <DBRowName></DBRowName>
      <DBColumnName></DBColumnName>
      <RegPath></RegPath>
      <RegKey></RegKey>
      <Edit>True</Edit>
      <Min>0</Min>
      <Max>0</Max>
      <Scale>1</Scale>
      <Precision></Precision>
      <UseCbo>False</UseCbo>
      <CustomCBO></CustomCBO>
      <Formula>0</Formula>
      <Display>False</Display>
      <PainterOnly></PainterOnly>
    </Item>
    <Item>
      <Label>psPFEAlarmNum41</Label>
      <Tab>PFEAlarms</Tab>
      <DataSource>PLC</DataSource>
      <Datatype>Int</Datatype>
      <PLCTag>Z1PFEAlarmNum41</PLCTag>
      <ProgName1></ProgName1>
      <VarName1></VarName1>
      <ProgName2></ProgName2>
      <VarName2></VarName2>
      <DBName></DBName>
      <DBTableName></DBTableName>
      <DBRowName></DBRowName>
      <DBColumnName></DBColumnName>
      <RegPath></RegPath>
      <RegKey></RegKey>
      <Edit>True</Edit>
      <Min>0</Min>
      <Max>100000</Max>
      <Scale>1</Scale>
      <Precision></Precision>
      <UseCbo>False</UseCbo>
      <CustomCBO></CustomCBO>
      <Formula>0</Formula>
      <Display>False</Display>
      <PainterOnly></PainterOnly>
    </Item>
    <Item>
      <Label>psPFEAlarmText41</Label>
      <Tab>PFEAlarms</Tab>
      <DataSource>PLC</DataSource>
      <Datatype>string</Datatype>
      <PLCTag>Z1PFEAlarmText41</PLCTag>
      <ProgName1></ProgName1>
      <VarName1></VarName1>
      <ProgName2></ProgName2>
      <VarName2></VarName2>
      <DBName></DBName>
      <DBTableName></DBTableName>
      <DBRowName></DBRowName>
      <DBColumnName></DBColumnName>
      <RegPath></RegPath>
      <RegKey></RegKey>
      <Edit>True</Edit>
      <Min>0</Min>
      <Max>0</Max>
      <Scale>1</Scale>
      <Precision></Precision>
      <UseCbo>False</UseCbo>
      <CustomCBO></CustomCBO>
      <Formula>0</Formula>
      <Display>False</Display>
      <PainterOnly></PainterOnly>
    </Item>
    <Item>
      <Label>psPFEAlarmNum42</Label>
      <Tab>PFEAlarms</Tab>
      <DataSource>PLC</DataSource>
      <Datatype>Int</Datatype>
      <PLCTag>Z1PFEAlarmNum42</PLCTag>
      <ProgName1></ProgName1>
      <VarName1></VarName1>
      <ProgName2></ProgName2>
      <VarName2></VarName2>
      <DBName></DBName>
      <DBTableName></DBTableName>
      <DBRowName></DBRowName>
      <DBColumnName></DBColumnName>
      <RegPath></RegPath>
      <RegKey></RegKey>
      <Edit>True</Edit>
      <Min>0</Min>
      <Max>100000</Max>
      <Scale>1</Scale>
      <Precision></Precision>
      <UseCbo>False</UseCbo>
      <CustomCBO></CustomCBO>
      <Formula>0</Formula>
      <Display>False</Display>
      <PainterOnly></PainterOnly>
    </Item>
    <Item>
      <Label>psPFEAlarmText42</Label>
      <Tab>PFEAlarms</Tab>
      <DataSource>PLC</DataSource>
      <Datatype>string</Datatype>
      <PLCTag>Z1PFEAlarmText42</PLCTag>
      <ProgName1></ProgName1>
      <VarName1></VarName1>
      <ProgName2></ProgName2>
      <VarName2></VarName2>
      <DBName></DBName>
      <DBTableName></DBTableName>
      <DBRowName></DBRowName>
      <DBColumnName></DBColumnName>
      <RegPath></RegPath>
      <RegKey></RegKey>
      <Edit>True</Edit>
      <Min>0</Min>
      <Max>0</Max>
      <Scale>1</Scale>
      <Precision></Precision>
      <UseCbo>False</UseCbo>
      <CustomCBO></CustomCBO>
      <Formula>0</Formula>
      <Display>False</Display>
      <PainterOnly></PainterOnly>
    </Item>
    <Item>
      <Label>psPFEAlarmNum43</Label>
      <Tab>PFEAlarms</Tab>
      <DataSource>PLC</DataSource>
      <Datatype>Int</Datatype>
      <PLCTag>Z1PFEAlarmNum43</PLCTag>
      <ProgName1></ProgName1>
      <VarName1></VarName1>
      <ProgName2></ProgName2>
      <VarName2></VarName2>
      <DBName></DBName>
      <DBTableName></DBTableName>
      <DBRowName></DBRowName>
      <DBColumnName></DBColumnName>
      <RegPath></RegPath>
      <RegKey></RegKey>
      <Edit>True</Edit>
      <Min>0</Min>
      <Max>100000</Max>
      <Scale>1</Scale>
      <Precision></Precision>
      <UseCbo>False</UseCbo>
      <CustomCBO></CustomCBO>
      <Formula>0</Formula>
      <Display>False</Display>
      <PainterOnly></PainterOnly>
    </Item>
    <Item>
      <Label>psPFEAlarmText43</Label>
      <Tab>PFEAlarms</Tab>
      <DataSource>PLC</DataSource>
      <Datatype>string</Datatype>
      <PLCTag>Z1PFEAlarmText43</PLCTag>
      <ProgName1></ProgName1>
      <VarName1></VarName1>
      <ProgName2></ProgName2>
      <VarName2></VarName2>
      <DBName></DBName>
      <DBTableName></DBTableName>
      <DBRowName></DBRowName>
      <DBColumnName></DBColumnName>
      <RegPath></RegPath>
      <RegKey></RegKey>
      <Edit>True</Edit>
      <Min>0</Min>
      <Max>0</Max>
      <Scale>1</Scale>
      <Precision></Precision>
      <UseCbo>False</UseCbo>
      <CustomCBO></CustomCBO>
      <Formula>0</Formula>
      <Display>False</Display>
      <PainterOnly></PainterOnly>
    </Item>
    <Item>
      <Label>psPFEAlarmNum44</Label>
      <Tab>PFEAlarms</Tab>
      <DataSource>PLC</DataSource>
      <Datatype>Int</Datatype>
      <PLCTag>Z1PFEAlarmNum44</PLCTag>
      <ProgName1></ProgName1>
      <VarName1></VarName1>
      <ProgName2></ProgName2>
      <VarName2></VarName2>
      <DBName></DBName>
      <DBTableName></DBTableName>
      <DBRowName></DBRowName>
      <DBColumnName></DBColumnName>
      <RegPath></RegPath>
      <RegKey></RegKey>
      <Edit>True</Edit>
      <Min>0</Min>
      <Max>100000</Max>
      <Scale>1</Scale>
      <Precision></Precision>
      <UseCbo>False</UseCbo>
      <CustomCBO></CustomCBO>
      <Formula>0</Formula>
      <Display>False</Display>
      <PainterOnly></PainterOnly>
    </Item>
    <Item>
      <Label>psPFEAlarmText44</Label>
      <Tab>PFEAlarms</Tab>
      <DataSource>PLC</DataSource>
      <Datatype>string</Datatype>
      <PLCTag>Z1PFEAlarmText44</PLCTag>
      <ProgName1></ProgName1>
      <VarName1></VarName1>
      <ProgName2></ProgName2>
      <VarName2></VarName2>
      <DBName></DBName>
      <DBTableName></DBTableName>
      <DBRowName></DBRowName>
      <DBColumnName></DBColumnName>
      <RegPath></RegPath>
      <RegKey></RegKey>
      <Edit>True</Edit>
      <Min>0</Min>
      <Max>0</Max>
      <Scale>1</Scale>
      <Precision></Precision>
      <UseCbo>False</UseCbo>
      <CustomCBO></CustomCBO>
      <Formula>0</Formula>
      <Display>False</Display>
      <PainterOnly></PainterOnly>
    </Item>
    <Item>
      <Label>psPFEAlarmNum45</Label>
      <Tab>PFEAlarms</Tab>
      <DataSource>PLC</DataSource>
      <Datatype>Int</Datatype>
      <PLCTag>Z1PFEAlarmNum45</PLCTag>
      <ProgName1></ProgName1>
      <VarName1></VarName1>
      <ProgName2></ProgName2>
      <VarName2></VarName2>
      <DBName></DBName>
      <DBTableName></DBTableName>
      <DBRowName></DBRowName>
      <DBColumnName></DBColumnName>
      <RegPath></RegPath>
      <RegKey></RegKey>
      <Edit>True</Edit>
      <Min>0</Min>
      <Max>100000</Max>
      <Scale>1</Scale>
      <Precision></Precision>
      <UseCbo>False</UseCbo>
      <CustomCBO></CustomCBO>
      <Formula>0</Formula>
      <Display>False</Display>
      <PainterOnly></PainterOnly>
    </Item>
    <Item>
      <Label>psPFEAlarmText45</Label>
      <Tab>PFEAlarms</Tab>
      <DataSource>PLC</DataSource>
      <Datatype>string</Datatype>
      <PLCTag>Z1PFEAlarmText45</PLCTag>
      <ProgName1></ProgName1>
      <VarName1></VarName1>
      <ProgName2></ProgName2>
      <VarName2></VarName2>
      <DBName></DBName>
      <DBTableName></DBTableName>
      <DBRowName></DBRowName>
      <DBColumnName></DBColumnName>
      <RegPath></RegPath>
      <RegKey></RegKey>
      <Edit>True</Edit>
      <Min>0</Min>
      <Max>0</Max>
      <Scale>1</Scale>
      <Precision></Precision>
      <UseCbo>False</UseCbo>
      <CustomCBO></CustomCBO>
      <Formula>0</Formula>
      <Display>False</Display>
      <PainterOnly></PainterOnly>
    </Item>
    <Item>
      <Label>psPFEAlarmNum46</Label>
      <Tab>PFEAlarms</Tab>
      <DataSource>PLC</DataSource>
      <Datatype>Int</Datatype>
      <PLCTag>Z1PFEAlarmNum46</PLCTag>
      <ProgName1></ProgName1>
      <VarName1></VarName1>
      <ProgName2></ProgName2>
      <VarName2></VarName2>
      <DBName></DBName>
      <DBTableName></DBTableName>
      <DBRowName></DBRowName>
      <DBColumnName></DBColumnName>
      <RegPath></RegPath>
      <RegKey></RegKey>
      <Edit>True</Edit>
      <Min>0</Min>
      <Max>100000</Max>
      <Scale>1</Scale>
      <Precision></Precision>
      <UseCbo>False</UseCbo>
      <CustomCBO></CustomCBO>
      <Formula>0</Formula>
      <Display>False</Display>
      <PainterOnly></PainterOnly>
    </Item>
    <Item>
      <Label>psPFEAlarmText46</Label>
      <Tab>PFEAlarms</Tab>
      <DataSource>PLC</DataSource>
      <Datatype>string</Datatype>
      <PLCTag>Z1PFEAlarmText46</PLCTag>
      <ProgName1></ProgName1>
      <VarName1></VarName1>
      <ProgName2></ProgName2>
      <VarName2></VarName2>
      <DBName></DBName>
      <DBTableName></DBTableName>
      <DBRowName></DBRowName>
      <DBColumnName></DBColumnName>
      <RegPath></RegPath>
      <RegKey></RegKey>
      <Edit>True</Edit>
      <Min>0</Min>
      <Max>0</Max>
      <Scale>1</Scale>
      <Precision></Precision>
      <UseCbo>False</UseCbo>
      <CustomCBO></CustomCBO>
      <Formula>0</Formula>
      <Display>False</Display>
      <PainterOnly></PainterOnly>
    </Item>
    <Item>
      <Label>psPFEAlarmNum47</Label>
      <Tab>PFEAlarms</Tab>
      <DataSource>PLC</DataSource>
      <Datatype>Int</Datatype>
      <PLCTag>Z1PFEAlarmNum47</PLCTag>
      <ProgName1></ProgName1>
      <VarName1></VarName1>
      <ProgName2></ProgName2>
      <VarName2></VarName2>
      <DBName></DBName>
      <DBTableName></DBTableName>
      <DBRowName></DBRowName>
      <DBColumnName></DBColumnName>
      <RegPath></RegPath>
      <RegKey></RegKey>
      <Edit>True</Edit>
      <Min>0</Min>
      <Max>100000</Max>
      <Scale>1</Scale>
      <Precision></Precision>
      <UseCbo>False</UseCbo>
      <CustomCBO></CustomCBO>
      <Formula>0</Formula>
      <Display>False</Display>
      <PainterOnly></PainterOnly>
    </Item>
    <Item>
      <Label>psPFEAlarmText47</Label>
      <Tab>PFEAlarms</Tab>
      <DataSource>PLC</DataSource>
      <Datatype>string</Datatype>
      <PLCTag>Z1PFEAlarmText47</PLCTag>
      <ProgName1></ProgName1>
      <VarName1></VarName1>
      <ProgName2></ProgName2>
      <VarName2></VarName2>
      <DBName></DBName>
      <DBTableName></DBTableName>
      <DBRowName></DBRowName>
      <DBColumnName></DBColumnName>
      <RegPath></RegPath>
      <RegKey></RegKey>
      <Edit>True</Edit>
      <Min>0</Min>
      <Max>0</Max>
      <Scale>1</Scale>
      <Precision></Precision>
      <UseCbo>False</UseCbo>
      <CustomCBO></CustomCBO>
      <Formula>0</Formula>
      <Display>False</Display>
      <PainterOnly></PainterOnly>
    </Item>
    <Item>
      <Label>psPFEAlarmNum48</Label>
      <Tab>PFEAlarms</Tab>
      <DataSource>PLC</DataSource>
      <Datatype>Int</Datatype>
      <PLCTag>Z1PFEAlarmNum48</PLCTag>
      <ProgName1></ProgName1>
      <VarName1></VarName1>
      <ProgName2></ProgName2>
      <VarName2></VarName2>
      <DBName></DBName>
      <DBTableName></DBTableName>
      <DBRowName></DBRowName>
      <DBColumnName></DBColumnName>
      <RegPath></RegPath>
      <RegKey></RegKey>
      <Edit>True</Edit>
      <Min>0</Min>
      <Max>100000</Max>
      <Scale>1</Scale>
      <Precision></Precision>
      <UseCbo>False</UseCbo>
      <CustomCBO></CustomCBO>
      <Formula>0</Formula>
      <Display>False</Display>
      <PainterOnly></PainterOnly>
    </Item>
    <Item>
      <Label>psPFEAlarmText48</Label>
      <Tab>PFEAlarms</Tab>
      <DataSource>PLC</DataSource>
      <Datatype>string</Datatype>
      <PLCTag>Z1PFEAlarmText48</PLCTag>
      <ProgName1></ProgName1>
      <VarName1></VarName1>
      <ProgName2></ProgName2>
      <VarName2></VarName2>
      <DBName></DBName>
      <DBTableName></DBTableName>
      <DBRowName></DBRowName>
      <DBColumnName></DBColumnName>
      <RegPath></RegPath>
      <RegKey></RegKey>
      <Edit>True</Edit>
      <Min>0</Min>
      <Max>0</Max>
      <Scale>1</Scale>
      <Precision></Precision>
      <UseCbo>False</UseCbo>
      <CustomCBO></CustomCBO>
      <Formula>0</Formula>
      <Display>False</Display>
      <PainterOnly></PainterOnly>
    </Item>
    <Item>
      <Label>psPFEAlarmNum49</Label>
      <Tab>PFEAlarms</Tab>
      <DataSource>PLC</DataSource>
      <Datatype>Int</Datatype>
      <PLCTag>Z1PFEAlarmNum49</PLCTag>
      <ProgName1></ProgName1>
      <VarName1></VarName1>
      <ProgName2></ProgName2>
      <VarName2></VarName2>
      <DBName></DBName>
      <DBTableName></DBTableName>
      <DBRowName></DBRowName>
      <DBColumnName></DBColumnName>
      <RegPath></RegPath>
      <RegKey></RegKey>
      <Edit>True</Edit>
      <Min>0</Min>
      <Max>100000</Max>
      <Scale>1</Scale>
      <Precision></Precision>
      <UseCbo>False</UseCbo>
      <CustomCBO></CustomCBO>
      <Formula>0</Formula>
      <Display>False</Display>
      <PainterOnly></PainterOnly>
    </Item>
    <Item>
      <Label>psPFEAlarmText49</Label>
      <Tab>PFEAlarms</Tab>
      <DataSource>PLC</DataSource>
      <Datatype>string</Datatype>
      <PLCTag>Z1PFEAlarmText49</PLCTag>
      <ProgName1></ProgName1>
      <VarName1></VarName1>
      <ProgName2></ProgName2>
      <VarName2></VarName2>
      <DBName></DBName>
      <DBTableName></DBTableName>
      <DBRowName></DBRowName>
      <DBColumnName></DBColumnName>
      <RegPath></RegPath>
      <RegKey></RegKey>
      <Edit>True</Edit>
      <Min>0</Min>
      <Max>0</Max>
      <Scale>1</Scale>
      <Precision></Precision>
      <UseCbo>False</UseCbo>
      <CustomCBO></CustomCBO>
      <Formula>0</Formula>
      <Display>False</Display>
      <PainterOnly></PainterOnly>
    </Item>
    <Item>
      <Label>psPFEAlarmNum50</Label>
      <Tab>PFEAlarms</Tab>
      <DataSource>PLC</DataSource>
      <Datatype>Int</Datatype>
      <PLCTag>Z1PFEAlarmNum50</PLCTag>
      <ProgName1></ProgName1>
      <VarName1></VarName1>
      <ProgName2></ProgName2>
      <VarName2></VarName2>
      <DBName></DBName>
      <DBTableName></DBTableName>
      <DBRowName></DBRowName>
      <DBColumnName></DBColumnName>
      <RegPath></RegPath>
      <RegKey></RegKey>
      <Edit>True</Edit>
      <Min>0</Min>
      <Max>100000</Max>
      <Scale>1</Scale>
      <Precision></Precision>
      <UseCbo>False</UseCbo>
      <CustomCBO></CustomCBO>
      <Formula>0</Formula>
      <Display>False</Display>
      <PainterOnly></PainterOnly>
    </Item>
    <Item>
      <Label>psPFEAlarmText50</Label>
      <Tab>PFEAlarms</Tab>
      <DataSource>PLC</DataSource>
      <Datatype>string</Datatype>
      <PLCTag>Z1PFEAlarmText50</PLCTag>
      <ProgName1></ProgName1>
      <VarName1></VarName1>
      <ProgName2></ProgName2>
      <VarName2></VarName2>
      <DBName></DBName>
      <DBTableName></DBTableName>
      <DBRowName></DBRowName>
      <DBColumnName></DBColumnName>
      <RegPath></RegPath>
      <RegKey></RegKey>
      <Edit>True</Edit>
      <Min>0</Min>
      <Max>0</Max>
      <Scale>1</Scale>
      <Precision></Precision>
      <UseCbo>False</UseCbo>
      <CustomCBO></CustomCBO>
      <Formula>0</Formula>
      <Display>False</Display>
      <PainterOnly></PainterOnly>
    </Item>
  </Items>
</ParamSetupScreen>